Cars_lane1,Cars_lane2,Cars_lane3,Cars_lane4,Motorcycles_lane1,Motorcycles_lane2,Motorcycles_lane3,Motorcycles_lane4,BusesTrucks_lane1,BusesTrucks_lane2,BusesTrucks_lane3,BusesTrucks_lane4,GreenTime_lane1,GreenTime_lane2,GreenTime_lane3,GreenTime_lane4
38,28,14,42,18,16,9,9,4,6,5,5,37.11340206185567,30.92783505154639,17.31958762886598,34.63917525773196
7,20,38,18,3,7,19,19,6,2,2,9,12.8,23.2,47.199999999999996,36.8
22,10,10,23,17,13,17,13,8,7,4,5,37.85234899328859,24.161073825503355,24.966442953020135,33.02013422818792
35,39,23,2,19,14,3,12,9,0,9,0,45.81818181818182,38.54545454545455,25.454545454545457,10.181818181818182
21,1,23,43,7,17,11,13,3,1,6,1,25.306122448979593,15.510204081632654,32.6530612244898,46.53061224489796
29,37,1,20,1,17,1,10,9,1,4,3,35.18796992481203,49.62406015037594,5.413533834586466,29.774436090225564
32,11,21,43,8,11,16,14,7,3,5,4,32.22857142857143,17.142857142857142,28.799999999999997,41.82857142857143
24,48,26,41,16,17,5,16,1,7,1,8,23.428571428571427,41.142857142857146,18.28571428571429,37.142857142857146
27,15,14,46,17,7,8,5,8,2,3,7,39.24528301886792,18.11320754716981,18.867924528301884,43.77358490566037
43,2,36,6,4,11,10,0,8,2,4,7,49.62406015037594,13.533834586466165,45.11278195488722,11.729323308270676
20,8,38,17,10,18,8,1,2,6,7,9,26.666666666666664,26.666666666666664,44.16666666666667,22.5
3,24,13,49,11,3,3,17,2,1,9,6,13.617021276595745,23.829787234042556,21.27659574468085,61.27659574468085
8,25,1,19,14,18,12,18,8,0,2,4,27.906976744186046,40.0,13.953488372093023,38.139534883720934
27,46,6,43,16,5,15,11,2,0,6,6,29.508196721311474,33.44262295081967,17.704918032786885,39.34426229508196
7,46,34,13,18,4,16,0,9,7,4,9,24.431137724550897,40.95808383233533,38.80239520958084,15.808383233532936
16,35,49,39,9,14,10,12,4,4,0,9,17.313432835820898,31.64179104477612,35.223880597014926,35.82089552238806
3,1,5,41,4,0,11,10,4,5,0,6,14.666666666666666,8.0,21.333333333333336,76.0
3,28,17,25,16,3,14,8,0,1,1,4,19.0,32.0,32.0,37.0
43,33,9,35,19,18,18,11,9,6,0,9,40.57142857142858,32.57142857142857,15.428571428571427,31.42857142857143
13,30,47,14,4,9,16,4,0,0,5,1,14.265734265734265,32.72727272727273,57.06293706293706,15.944055944055943
7,13,22,39,15,6,8,2,0,5,1,5,21.463414634146343,23.414634146341463,30.24390243902439,44.8780487804878
20,15,44,17,14,15,17,13,9,7,1,8,28.666666666666668,24.666666666666664,41.333333333333336,25.333333333333332
46,23,25,24,2,11,8,6,7,9,0,6,39.52095808383233,30.89820359281437,23.7125748502994,25.868263473053894
44,40,28,14,8,12,17,4,9,5,5,5,38.324607329842934,35.81151832460733,31.413612565445025,14.450261780104713
44,0,24,6,12,3,1,15,5,9,6,2,57.63779527559055,11.338582677165354,29.291338582677167,21.73228346456693
8,23,0,43,8,8,5,10,5,2,6,6,20.32258064516129,31.93548387096774,10.645161290322582,57.09677419354839
7,23,10,16,0,3,12,12,7,1,8,4,16.310679611650485,31.45631067961165,34.95145631067961,37.28155339805825
7,34,34,32,12,1,8,7,8,9,4,6,20.0,32.59259259259259,34.07407407407407,33.333333333333336
4,41,38,40,6,3,17,2,8,3,1,8,12.631578947368421,32.98245614035088,39.29824561403508,35.08771929824561
27,6,8,7,5,11,11,7,1,2,9,1,41.684210526315795,24.0,35.368421052631575,18.94736842105263
11,33,32,47,0,3,10,2,2,5,2,9,10.0,31.53846153846154,33.84615384615385,44.61538461538461
22,23,36,34,12,16,9,11,7,5,6,0,27.18232044198895,29.171270718232044,33.812154696132595,29.834254143646408
43,39,21,26,14,9,13,12,2,2,1,6,37.659574468085104,31.914893617021278,22.340425531914892,28.085106382978722
34,0,34,36,4,5,1,16,8,3,4,2,37.55102040816327,6.530612244897959,31.836734693877553,44.08163265306123
46,13,2,0,3,13,9,2,8,3,4,0,66.40776699029126,33.78640776699029,17.475728155339805,2.3300970873786406
4,25,13,38,2,14,5,16,1,8,1,4,6.412213740458015,43.05343511450381,17.404580152671755,53.12977099236642
26,8,14,14,11,19,10,3,7,2,5,3,43.278688524590166,28.524590163934423,28.524590163934423,19.67213114754098
25,41,12,31,5,0,19,15,6,9,2,5,25.41176470588235,35.294117647058826,23.294117647058822,36.0
38,48,31,3,14,16,7,11,9,8,9,0,37.7319587628866,44.5360824742268,29.072164948453608,8.65979381443299
29,36,22,38,9,14,8,1,2,1,7,6,27.745664739884393,35.3757225433526,25.664739884393065,31.21387283236994
44,14,42,28,4,5,6,0,1,5,2,7,37.21518987341772,18.227848101265824,37.9746835443038,26.582278481012658
35,12,31,6,6,19,11,15,9,2,9,8,36.809815950920246,24.29447852760736,37.54601226993865,21.349693251533743
21,27,1,41,15,10,3,12,0,4,2,5,30.638297872340424,34.89361702127659,5.1063829787234045,49.36170212765957
44,5,27,27,6,3,14,18,9,1,8,5,42.395209580838326,6.467065868263473,35.20958083832335,35.928143712574844
43,43,19,29,8,10,7,0,6,4,8,0,38.644067796610166,38.644067796610166,23.05084745762712,19.66101694915254
10,27,24,38,7,12,3,7,4,9,5,6,16.578947368421055,37.89473684210526,25.263157894736842,40.26315789473684
32,0,26,12,2,8,1,1,3,0,7,9,43.96039603960396,9.504950495049505,40.396039603960396,26.138613861386137
40,2,38,5,12,14,11,3,3,2,6,1,48.175182481751825,15.766423357664234,48.175182481751825,7.883211678832117
7,26,8,36,7,8,4,19,7,5,6,4,18.394160583941606,34.160583941605836,15.766423357664234,51.67883211678832
32,41,43,23,17,10,14,8,8,4,4,2,33.20388349514563,32.03883495145631,35.53398058252427,19.223300970873787
14,31,31,23,16,11,6,9,0,1,7,0,24.161073825503355,34.63087248322148,35.43624161073826,25.77181208053691
40,48,48,11,9,12,18,10,6,4,2,6,30.8411214953271,35.88785046728972,38.13084112149532,15.140186915887849
38,1,2,48,12,7,7,3,8,1,7,8,49.014084507042256,7.605633802816901,13.52112676056338,49.859154929577464
36,48,16,48,14,10,10,0,2,1,6,4,32.0,36.30769230769231,19.692307692307693,32.0
1,1,27,22,16,14,19,5,4,9,4,3,20.16,23.04,48.0,28.799999999999997
36,31,32,0,14,8,13,17,4,3,5,3,39.036144578313255,30.361445783132528,36.144578313253014,14.457831325301205
18,1,43,25,16,17,4,19,1,8,1,8,26.08695652173913,19.37888198757764,35.776397515527954,38.75776397515528
31,5,31,3,19,8,10,0,9,5,8,8,51.67883211678832,15.766423357664234,42.91970802919708,9.635036496350365
10,16,37,23,17,5,1,14,2,0,0,2,27.401574803149607,19.84251968503937,35.90551181102362,36.8503937007874
4,33,5,21,13,4,5,5,4,2,8,8,22.5,41.785714285714285,19.28571428571429,36.42857142857142
10,47,15,32,17,13,9,13,2,2,4,1,21.09090909090909,45.090909090909086,20.363636363636363,33.45454545454545
8,5,15,28,12,2,5,7,5,6,8,5,28.30188679245283,14.716981132075471,31.69811320754717,45.28301886792453
2,19,35,18,11,12,10,11,2,4,3,4,13.740458015267174,32.06106870229008,43.969465648854964,30.229007633587784
25,2,18,19,0,16,15,10,7,7,5,0,30.967741935483872,24.193548387096772,36.774193548387096,28.064516129032256
31,6,40,32,12,17,10,11,7,7,1,3,33.898305084745765,20.338983050847457,34.57627118644068,31.1864406779661
39,38,17,39,5,8,15,3,1,3,9,6,29.508196721311474,32.13114754098361,26.885245901639344,31.475409836065577
0,10,27,24,2,15,11,10,8,7,8,7,9.30232558139535,29.767441860465116,42.79069767441861,38.139534883720934
49,22,30,29,4,17,18,5,1,6,1,1,35.40983606557377,29.508196721311474,32.13114754098361,22.950819672131146
41,34,6,15,17,5,3,11,3,0,4,5,50.833333333333336,32.5,10.833333333333334,25.833333333333336
25,47,48,1,18,1,16,10,8,9,7,1,32.04188481675393,35.81151832460733,44.60732984293194,7.539267015706806
0,47,11,4,10,15,1,1,0,1,6,3,12.121212121212121,76.36363636363636,21.81818181818182,9.696969696969697
36,31,8,40,7,12,9,7,9,4,6,2,36.49122807017544,32.98245614035088,16.140350877192983,34.3859649122807
34,18,47,15,3,14,0,10,9,1,6,4,34.285714285714285,24.596273291925467,39.50310559006211,21.61490683229814
2,19,23,32,6,16,19,17,0,0,8,4,6.575342465753424,28.767123287671232,41.0958904109589,43.56164383561644
23,10,48,7,11,8,4,9,0,6,8,0,30.44776119402985,21.492537313432834,53.73134328358209,14.328358208955224
35,37,39,19,3,4,9,10,9,3,2,4,32.41379310344828,30.3448275862069,34.48275862068965,22.75862068965517
34,47,24,34,9,7,1,7,6,7,1,6,32.13114754098361,40.0,17.04918032786885,30.81967213114754
24,28,17,45,15,4,2,11,0,6,7,1,29.25,28.5,19.5,42.75
17,1,34,15,12,12,9,3,8,0,5,0,38.27586206896552,13.448275862068966,49.6551724137931,18.620689655172413
40,35,32,3,8,1,18,0,2,5,2,7,39.21568627450981,32.15686274509804,40.7843137254902,7.843137254901961
32,13,20,47,6,16,2,19,4,1,3,8,29.473684210526315,21.052631578947366,17.543859649122805,51.92982456140351
19,7,6,2,19,2,2,16,3,9,9,7,48.71287128712871,21.386138613861384,20.198019801980198,29.7029702970297
16,32,47,11,6,13,16,17,4,9,0,6,17.627118644067796,36.610169491525426,42.71186440677966,23.05084745762712
21,21,45,29,12,19,19,17,2,9,7,2,20.689655172413794,28.965517241379313,41.970443349753694,28.3743842364532
37,37,44,7,3,0,17,0,0,4,1,3,31.372549019607845,32.15686274509804,48.627450980392155,7.843137254901961
26,26,33,20,12,19,19,9,0,8,5,7,24.782608695652176,34.56521739130435,37.17391304347826,23.47826086956522
29,32,27,46,10,8,8,4,3,8,1,8,27.391304347826086,31.304347826086957,23.47826086956522,37.82608695652174
32,4,47,18,0,16,1,12,4,5,2,3,30.0,20.833333333333332,41.666666666666664,27.5
3,34,48,16,8,3,4,10,5,6,0,6,13.426573426573427,36.08391608391608,43.63636363636364,26.853146853146853
43,27,29,28,18,2,11,18,0,4,5,1,39.354838709677416,21.290322580645164,29.032258064516128,30.32258064516129
45,5,34,40,18,12,6,14,9,8,9,5,42.14634146341463,14.634146341463413,28.68292682926829,34.536585365853654
36,23,28,48,6,7,4,13,6,9,7,9,29.387755102040817,23.877551020408163,23.877551020408163,42.85714285714286
45,30,34,32,3,9,19,14,0,7,3,9,28.097560975609756,26.926829268292682,32.78048780487805,32.19512195121951
20,31,22,32,17,19,12,7,7,5,8,3,28.852459016393443,36.0655737704918,27.54098360655738,27.54098360655738
2,17,24,41,8,15,18,15,1,1,4,9,8.516129032258064,25.548387096774192,35.61290322580645,50.322580645161295
30,2,39,45,6,13,13,3,8,2,7,3,30.877192982456137,11.929824561403509,41.40350877192982,35.78947368421053
23,49,31,46,14,2,4,0,5,9,5,2,26.526315789473685,37.89473684210526,25.263157894736842,30.315789473684212
21,22,1,26,2,14,7,3,4,2,0,6,30.0,42.22222222222222,8.88888888888889,38.888888888888886
41,1,25,16,1,9,3,2,3,6,2,4,47.78761061946903,16.991150442477874,31.85840707964602,23.36283185840708
39,32,8,42,1,16,19,12,4,1,9,1,28.695652173913043,31.956521739130437,23.47826086956522,35.869565217391305
47,38,28,41,4,8,5,4,3,3,3,5,34.285714285714285,31.11111111111111,22.857142857142854,31.746031746031743
25,34,49,24,9,7,6,6,1,5,6,9,23.204419889502763,30.497237569060776,40.44198895027625,25.85635359116022
23,12,6,35,5,19,2,18,2,7,1,7,26.277372262773724,33.284671532846716,7.883211678832117,52.55474452554745
44,19,0,7,14,3,11,5,4,1,6,1,64.69565217391305,24.0,17.73913043478261,13.565217391304348
45,15,13,11,18,3,14,8,5,9,2,8,54.039735099337754,21.456953642384107,23.046357615894042,21.456953642384107
22,14,27,33,4,12,17,4,2,2,4,6,22.857142857142854,22.857142857142854,39.18367346938775,35.10204081632653
1,31,22,21,15,18,13,15,7,6,8,4,17.142857142857142,40.993788819875775,32.04968944099379,29.81366459627329
24,21,21,48,14,3,6,15,9,2,5,4,32.7906976744186,18.13953488372093,22.325581395348838,46.74418604651163
41,5,14,42,7,16,15,9,3,1,6,4,37.54601226993865,16.196319018404907,25.766871165644172,40.49079754601227
36,32,7,43,9,1,8,16,3,7,8,8,32.359550561797754,26.96629213483146,15.505617977528091,45.168539325842694
43,4,38,3,10,9,16,3,2,2,4,4,47.826086956521735,13.043478260869565,50.43478260869565,8.695652173913043
5,44,31,29,15,19,14,4,9,1,0,7,19.55056179775281,43.146067415730336,30.337078651685395,26.96629213483146
46,34,39,15,5,16,0,18,2,0,0,1,36.13636363636364,34.09090909090909,26.59090909090909,23.18181818181818
12,49,41,29,3,16,8,1,5,5,2,3,13.793103448275861,48.275862068965516,35.172413793103445,22.75862068965517
18,16,18,27,7,14,6,5,1,1,6,0,26.218487394957982,31.260504201680675,30.252100840336134,32.26890756302521
25,36,25,22,0,14,6,16,6,0,5,2,23.694267515923567,38.216560509554135,27.515923566878982,30.573248407643312
8,11,0,0,1,8,8,12,7,5,1,7,28.235294117647058,42.352941176470594,15.882352941176471,33.529411764705884
46,33,31,47,5,5,19,19,4,7,7,5,28.94736842105263,23.68421052631579,30.0,37.36842105263158
24,39,44,0,2,16,16,11,1,7,5,5,19.058823529411764,43.76470588235294,45.882352941176464,11.294117647058822
15,38,4,21,15,14,12,0,7,0,1,8,32.88888888888889,46.22222222222222,15.111111111111109,25.77777777777778
28,2,11,25,16,2,14,3,7,6,6,4,49.35483870967742,9.67741935483871,30.0,30.967741935483872
15,36,21,28,3,17,16,18,1,5,9,2,13.333333333333332,40.70175438596491,32.280701754385966,33.68421052631579
13,27,4,46,10,19,2,7,3,9,1,1,21.971830985915492,46.478873239436616,5.915492957746478,45.63380281690141
48,29,45,4,13,0,13,1,7,7,9,5,45.08287292817679,23.867403314917127,44.41988950276243,6.629834254143646
11,15,25,25,3,18,5,0,4,7,3,3,18.15126050420168,40.33613445378152,33.27731092436975,28.235294117647058
47,20,38,35,16,7,18,0,4,0,0,1,43.225806451612904,17.41935483870968,36.12903225806452,23.225806451612904
32,29,36,22,4,15,5,7,7,6,9,8,28.666666666666668,33.333333333333336,33.333333333333336,24.666666666666664
9,4,35,33,12,15,2,18,4,1,6,7,20.54794520547945,16.43835616438356,35.34246575342466,47.671232876712324
30,9,18,31,11,15,10,9,6,6,4,1,37.6,24.0,25.6,32.8
0,4,44,3,19,3,11,1,5,3,9,1,27.96116504854369,11.650485436893204,74.5631067961165,5.825242718446602
15,23,15,1,18,4,7,6,8,6,5,4,43.92857142857142,35.35714285714286,28.92857142857143,11.785714285714285
48,27,31,26,13,2,17,15,2,9,9,3,37.42574257425743,22.574257425742573,33.86138613861386,26.138613861386137
19,23,11,49,18,18,17,19,2,7,2,6,24.50261780104712,30.157068062827225,18.848167539267017,46.49214659685864
34,32,32,42,15,7,0,16,6,6,6,1,33.50253807106599,27.411167512690355,23.14720812182741,35.93908629441624
36,11,2,0,11,10,4,11,9,2,9,8,59.469026548672566,24.424778761061948,15.92920353982301,20.17699115044248
32,39,9,42,16,5,0,4,2,1,8,9,35.928143712574844,32.33532934131737,12.215568862275449,39.52095808383233
43,28,12,11,13,4,0,17,8,3,8,2,51.54362416107382,28.187919463087248,16.107382550335572,24.161073825503355
30,45,1,49,15,8,18,4,6,6,7,9,30.909090909090907,35.75757575757576,15.75757575757576,37.57575757575758
34,22,16,25,1,14,6,3,3,2,2,4,34.54545454545455,34.54545454545455,21.81818181818182,29.090909090909093
7,28,25,9,0,12,19,6,0,9,2,5,6.885245901639345,48.19672131147541,45.24590163934426,19.67213114754098
25,33,40,6,14,13,18,19,2,4,8,1,26.885245901639344,32.786885245901644,43.278688524590166,17.04918032786885
3,49,44,10,17,9,8,7,1,5,5,7,15.272727272727272,45.81818181818182,41.45454545454545,17.454545454545453
28,35,24,20,9,16,1,5,1,8,1,0,30.81081081081081,47.83783783783784,21.08108108108108,20.27027027027027
35,9,36,8,4,8,4,17,9,1,6,7,40.0,15.0,38.33333333333333,26.666666666666664
23,34,48,34,19,8,16,16,4,5,0,5,26.037735849056606,26.60377358490566,36.22641509433962,31.132075471698112
47,35,17,48,11,6,2,9,7,2,0,3,41.711229946524064,27.593582887700535,12.192513368983958,38.50267379679144
38,31,23,22,1,2,15,1,0,7,4,0,32.5,33.333333333333336,35.0,19.166666666666664
31,36,11,48,9,5,10,6,7,8,9,1,31.16022099447514,32.48618784530387,19.88950276243094,36.46408839779006
12,22,24,34,14,5,19,8,8,7,6,2,25.341614906832298,25.341614906832298,36.52173913043478,32.79503105590062
40,29,16,48,19,11,18,19,1,6,4,5,33.333333333333336,25.555555555555557,21.11111111111111,40.0
19,47,24,21,2,14,1,1,3,1,8,2,20.13986013986014,52.02797202797203,27.692307692307693,20.13986013986014
12,18,48,35,2,5,14,9,6,7,1,5,14.814814814814813,22.22222222222222,46.666666666666664,36.2962962962963
11,40,18,11,8,0,15,5,7,6,2,0,25.365853658536587,44.8780487804878,34.146341463414636,15.609756097560977
8,6,27,13,8,3,1,3,5,7,5,4,28.0,21.333333333333336,44.0,26.666666666666664
30,18,46,15,0,18,9,14,7,1,0,0,28.10126582278481,28.10126582278481,41.77215189873418,22.025316455696203
4,34,11,24,18,15,3,1,3,5,8,0,23.809523809523807,51.42857142857142,20.952380952380953,23.809523809523807
20,35,22,15,12,0,16,12,0,4,9,4,25.77181208053691,31.409395973154364,37.85234899328859,24.966442953020135
38,44,41,38,3,6,16,8,4,9,5,7,24.65753424657534,32.32876712328767,33.97260273972603,29.041095890410958
13,30,4,34,3,18,0,9,2,8,0,3,17.41935483870968,54.193548387096776,3.870967741935484,44.516129032258064
22,28,42,10,3,8,12,13,8,7,9,8,23.294117647058822,30.352941176470587,44.470588235294116,21.88235294117647
17,46,11,8,9,5,15,5,0,8,2,9,23.11111111111111,52.44444444444445,24.88888888888889,19.555555555555557
9,43,16,37,16,9,17,17,8,0,0,8,22.0,34.666666666666664,22.0,41.333333333333336
6,45,12,39,2,19,14,14,5,3,6,4,9.230769230769232,47.57396449704142,22.72189349112426,40.47337278106509
41,8,49,26,3,8,18,16,9,6,7,7,32.121212121212125,13.333333333333332,44.84848484848485,29.6969696969697
1,4,28,36,10,8,9,17,0,7,5,3,10.3125,17.8125,39.375,52.5
37,18,7,47,19,12,7,6,7,2,3,5,44.470588235294116,22.588235294117645,12.0,40.94117647058824
44,0,21,16,16,14,19,14,6,3,3,6,48.888888888888886,12.592592592592592,31.851851851851855,26.666666666666664
6,24,44,3,0,13,4,10,5,7,0,9,10.559999999999999,42.239999999999995,46.08,21.119999999999997
35,5,30,18,15,1,7,10,6,6,6,6,46.3448275862069,9.931034482758621,35.58620689655172,28.137931034482758
43,38,26,9,17,2,0,10,9,9,7,8,46.51685393258427,33.03370786516854,22.247191011235955,18.20224719101124
25,18,38,2,15,17,15,9,8,1,6,6,36.0,27.0,44.25,12.75
44,12,49,27,17,5,18,3,3,8,7,0,39.79274611398964,15.5440414507772,46.01036269430052,18.65284974093264
19,27,7,40,12,13,2,9,1,1,7,0,27.82608695652174,35.65217391304348,13.91304347826087,42.608695652173914
38,0,2,12,5,0,13,7,3,9,4,8,54.65346534653465,10.693069306930692,22.574257425742573,32.07920792079208
27,48,24,32,18,13,9,16,6,7,8,6,28.598130841121495,38.13084112149532,22.990654205607477,30.280373831775698
37,5,43,44,8,5,10,6,4,4,9,5,32.666666666666664,9.333333333333334,41.333333333333336,36.66666666666667
31,44,46,20,16,0,4,8,4,8,2,2,33.08108108108108,33.72972972972973,33.72972972972973,19.45945945945946
15,20,10,36,17,1,10,5,6,6,5,2,34.285714285714285,24.360902255639097,22.55639097744361,38.796992481203006
35,34,18,19,7,3,17,10,6,4,6,1,36.0,30.749999999999996,30.749999999999996,22.5
17,46,40,48,4,14,17,1,5,7,0,3,15.445544554455445,39.801980198019805,33.86138613861386,30.89108910891089
13,14,30,0,10,12,3,6,0,0,9,7,26.538461538461537,30.0,48.46153846153846,15.0
2,15,22,10,10,3,14,0,6,9,0,1,23.47826086956522,35.21739130434783,46.95652173913044,14.347826086956522
11,9,31,15,2,13,5,17,3,0,2,7,16.695652173913043,22.956521739130437,39.65217391304348,40.69565217391304
7,37,11,23,0,5,5,15,7,7,5,5,13.228346456692913,46.29921259842519,19.84251968503937,40.62992125984252
27,7,27,35,4,16,9,17,4,8,3,9,25.30120481927711,22.409638554216865,28.192771084337352,44.096385542168676
25,7,49,27,6,2,12,14,6,0,8,6,27.407407407407405,6.666666666666666,51.111111111111114,34.81481481481482
27,36,40,35,19,18,2,3,9,8,6,1,32.35294117647059,36.470588235294116,28.235294117647058,22.941176470588232
26,16,8,32,4,0,3,11,5,9,3,2,35.294117647058826,25.210084033613445,14.117647058823529,45.3781512605042
19,12,27,47,9,19,12,13,1,5,7,5,19.772727272727273,24.545454545454547,31.363636363636363,44.31818181818182
28,12,45,34,4,3,13,9,8,4,1,7,28.57142857142857,13.571428571428571,42.14285714285714,35.714285714285715
5,17,4,46,16,9,6,15,8,9,3,5,24.335664335664333,29.370629370629374,10.90909090909091,55.38461538461539
24,1,9,29,0,16,8,5,9,7,8,4,33.0,24.0,25.0,38.0
49,44,4,32,18,12,2,6,5,3,4,6,46.70270270270271,38.270270270270274,6.486486486486487,28.54054054054054
0,17,31,46,8,4,9,16,8,9,5,5,12.151898734177214,22.78481012658228,34.17721518987342,50.88607594936709
48,10,20,25,11,15,2,8,7,3,2,6,50.445859872611464,21.401273885350317,18.343949044585987,29.808917197452228
24,21,26,48,14,4,12,13,4,1,1,5,29.13294797687861,18.034682080924856,27.052023121387283,45.78034682080924
12,32,33,40,19,14,15,12,7,0,5,1,24.0,29.05263157894737,33.473684210526315,33.473684210526315
34,0,20,47,16,7,1,4,1,6,9,0,42.206896551724135,10.758620689655173,24.82758620689655,42.206896551724135
5,27,16,4,5,11,17,0,5,6,7,6,16.51376146788991,48.440366972477065,44.03669724770643,11.009174311926607
30,4,37,2,16,10,9,18,5,8,2,5,41.917808219178085,18.082191780821915,39.45205479452055,20.54794520547945
22,36,36,9,13,9,14,18,3,1,0,0,28.32298136645963,34.285714285714285,37.26708074534161,20.124223602484474
9,18,16,20,3,1,8,9,9,2,3,1,25.454545454545457,25.454545454545457,32.72727272727273,36.36363636363637
13,8,45,0,10,13,6,14,0,3,6,9,21.73228346456693,22.677165354330707,53.85826771653543,21.73228346456693
44,12,3,0,18,14,7,10,5,5,8,1,63.30708661417322,29.291338582677167,17.00787401574803,10.393700787401574
48,39,31,33,8,14,0,0,3,4,0,7,37.86096256684492,36.57754010695187,19.893048128342244,25.668449197860962
27,30,7,38,18,2,9,7,7,5,4,7,38.75776397515528,27.577639751552795,14.906832298136646,38.75776397515528
25,33,2,49,14,9,0,17,2,2,1,4,31.139240506329113,33.41772151898734,2.278481012658228,53.164556962025316
11,0,43,4,1,18,12,0,2,2,5,7,16.0,22.857142857142854,68.57142857142857,12.571428571428571
29,29,16,47,1,15,14,12,1,3,6,0,21.502890173410403,32.60115606936416,24.971098265895954,40.92485549132948
46,22,14,36,15,16,6,16,0,9,6,6,38.125,29.375,16.25,36.25
20,13,1,10,6,12,4,16,0,0,3,4,35.056179775280896,33.70786516853933,10.786516853932584,40.44943820224719
38,37,33,37,2,6,16,6,4,3,7,6,27.076923076923077,28.307692307692307,34.46153846153846,30.153846153846153
49,33,17,29,0,16,16,10,8,6,9,0,35.44041450777202,34.196891191709845,26.1139896373057,24.248704663212436
14,26,33,37,2,14,10,15,6,0,6,9,15.348837209302326,27.906976744186046,34.18604651162791,42.55813953488372
32,23,14,29,8,0,15,8,7,8,2,3,37.85234899328859,24.966442953020135,24.966442953020135,32.214765100671144
41,16,4,28,18,11,18,8,3,8,6,2,45.644171779141104,25.766871165644172,20.61349693251534,27.975460122699385
3,9,16,9,6,13,18,18,9,4,6,7,18.305084745762713,26.440677966101696,40.67796610169491,34.57627118644068
16,19,23,4,1,8,12,14,0,1,6,1,19.42857142857143,32.0,46.857142857142854,21.714285714285715
33,5,1,12,2,10,13,7,6,8,1,6,47.30769230769231,26.538461538461537,17.307692307692307,28.846153846153847
42,42,47,10,17,18,15,1,3,1,6,4,36.11650485436893,35.53398058252427,39.6116504854369,8.737864077669903
46,22,15,30,7,5,11,14,0,4,2,6,39.25925925925926,22.962962962962962,20.74074074074074,37.03703703703704
10,15,7,3,7,3,14,19,5,7,4,1,27.789473684210527,31.57894736842105,31.57894736842105,29.05263157894737
39,3,24,2,16,12,17,1,8,7,5,9,52.86713286713287,18.461538461538463,38.6013986013986,10.06993006993007
31,2,26,28,12,12,14,19,6,8,6,2,35.42168674698795,15.903614457831326,33.25301204819277,35.42168674698795
31,49,18,20,9,2,18,2,5,6,1,2,33.128834355828225,41.963190184049076,27.23926380368098,17.66871165644172
4,17,27,41,13,7,3,19,3,9,5,0,16.216216216216218,26.756756756756758,28.37837837837838,48.64864864864865
21,20,5,0,10,10,10,1,8,4,6,8,45.43689320388349,39.6116504854369,24.466019417475728,10.485436893203884
4,40,11,25,16,8,1,14,8,0,0,2,26.046511627906977,44.651162790697676,11.162790697674419,38.139534883720934
45,33,48,13,15,3,7,8,5,1,9,0,41.711229946524064,23.743315508021393,41.06951871657754,13.475935828877006
25,44,26,8,4,15,12,6,0,4,3,0,23.6734693877551,51.42857142857142,33.46938775510204,11.428571428571427
25,46,21,46,19,16,2,4,3,2,1,8,29.22279792746114,39.79274611398964,14.922279792746114,36.06217616580311
29,42,47,16,18,11,6,8,0,6,3,4,29.684210526315788,37.26315789473684,35.368421052631575,17.684210526315788
25,35,0,7,5,16,15,2,9,4,0,5,38.048780487804876,53.65853658536585,14.634146341463413,13.658536585365853
48,34,14,46,3,9,4,9,8,1,6,5,37.86096256684492,28.235294117647058,15.401069518716579,38.50267379679144
21,13,25,27,11,9,12,10,4,3,3,5,30.209790209790214,20.979020979020977,33.56643356643357,35.24475524475525
22,13,23,1,15,7,7,7,3,4,5,4,43.24324324324324,25.945945945945947,37.83783783783784,12.972972972972974
44,25,13,6,12,1,11,9,6,8,9,6,49.6,27.2,26.4,16.8
2,46,22,45,11,10,14,15,6,3,0,7,12.596685082872927,39.11602209944751,23.867403314917127,44.41988950276243
42,46,44,17,16,1,17,11,3,0,4,7,35.19230769230769,27.115384615384617,37.5,20.192307692307693
37,34,14,24,18,17,16,5,3,7,7,2,37.82608695652174,37.82608695652174,24.130434782608695,20.217391304347824
36,27,9,38,14,2,5,2,8,2,0,1,48.333333333333336,25.833333333333336,11.666666666666666,34.166666666666664
16,38,21,25,0,12,13,12,5,9,1,5,16.050955414012737,45.09554140127389,26.751592356687897,32.101910828025474
43,24,16,12,3,6,9,6,0,0,4,9,41.81818181818182,27.272727272727273,26.363636363636363,24.545454545454547
19,24,3,9,14,14,3,5,8,7,2,2,44.72727272727273,49.09090909090909,8.727272727272727,17.454545454545453
2,40,44,17,19,4,19,11,0,2,0,7,15.272727272727272,33.45454545454545,45.81818181818182,25.454545454545457
46,35,46,21,0,7,0,4,0,4,8,6,31.1864406779661,31.1864406779661,36.610169491525426,21.016949152542374
33,46,7,39,5,2,14,4,3,8,8,1,28.941176470588236,39.529411764705884,20.47058823529412,31.058823529411768
48,43,18,41,13,17,15,5,9,9,5,3,37.16814159292035,36.637168141592916,20.17699115044248,26.01769911504425
40,36,5,25,13,7,6,7,7,6,6,9,43.11377245508982,35.20958083832335,12.215568862275449,29.461077844311376
33,44,5,36,12,5,17,1,8,4,5,0,37.411764705882355,37.411764705882355,19.058823529411764,26.11764705882353
32,21,20,5,7,10,0,5,5,1,5,8,44.36974789915966,32.26890756302521,25.210084033613445,18.15126050420168
5,47,3,29,15,19,11,10,7,8,9,7,19.058823529411764,52.23529411764706,16.235294117647058,32.470588235294116
10,29,30,23,9,2,12,2,2,7,5,5,18.529411764705884,33.529411764705884,41.470588235294116,26.470588235294116
8,2,30,39,14,15,12,16,5,2,9,0,21.31578947368421,15.0,40.26315789473684,43.42105263157895
36,35,23,30,2,19,10,18,3,9,5,9,24.723618090452263,37.98994974874372,22.914572864321606,34.37185929648241
5,1,19,27,10,15,2,5,1,6,6,3,19.2,26.4,32.400000000000006,42.0
10,3,14,5,13,17,16,3,3,0,1,8,33.54838709677419,25.806451612903228,40.0,20.645161290322584
48,29,37,1,14,10,2,2,9,7,7,8,48.96551724137931,31.724137931034484,31.724137931034484,7.586206896551725
14,10,7,25,15,4,9,18,6,8,9,1,33.333333333333336,20.952380952380953,23.809523809523807,41.904761904761905
44,43,4,5,3,18,10,1,5,2,5,2,43.943661971830984,53.23943661971831,16.056338028169012,6.76056338028169
25,3,18,19,9,10,19,15,7,3,9,5,34.647887323943664,13.52112676056338,38.87323943661972,32.95774647887324
32,19,48,11,18,10,13,1,8,1,1,6,41.42857142857143,21.42857142857143,44.28571428571429,12.857142857142856
46,0,25,13,4,4,18,11,1,1,3,8,45.67164179104478,4.477611940298507,41.19402985074627,28.65671641791045
37,36,10,35,17,3,16,9,7,1,7,3,40.44198895027625,26.519337016574585,21.878453038674035,31.16022099447514
12,42,2,32,19,5,13,10,1,9,6,5,24.615384615384613,43.07692307692308,16.153846153846153,36.15384615384615
5,49,9,4,10,17,17,10,9,4,0,1,21.333333333333336,62.22222222222222,23.11111111111111,13.333333333333332
22,9,43,1,11,4,8,8,7,0,2,1,41.37931034482759,13.448275862068966,54.827586206896555,10.344827586206897
12,39,1,19,9,18,0,6,4,3,6,4,24.793388429752067,59.50413223140496,6.9421487603305785,28.7603305785124
0,36,8,16,3,0,14,7,7,3,5,3,11.76470588235294,45.882352941176464,31.764705882352942,30.588235294117645
8,10,14,23,11,17,14,16,1,0,0,7,19.834710743801654,26.776859504132233,27.768595041322314,45.6198347107438
37,34,29,30,13,13,17,19,3,4,7,6,30.0,28.867924528301888,30.0,31.132075471698112
48,4,43,49,17,15,0,10,7,7,5,9,40.373831775700936,14.57943925233645,26.91588785046729,38.13084112149532
13,10,8,33,14,11,7,19,1,5,0,0,27.768595041322314,25.785123966942148,14.87603305785124,51.570247933884296
11,34,34,0,5,2,12,12,2,2,4,0,18.305084745762713,38.644067796610166,50.847457627118644,12.203389830508476
39,21,28,7,1,4,16,5,9,5,6,9,39.2,24.0,40.0,16.8
10,40,36,13,1,3,10,7,2,3,9,9,10.90909090909091,38.6013986013986,46.15384615384615,24.335664335664333
29,34,20,36,11,7,10,19,9,9,9,2,30.153846153846153,30.769230769230766,24.0,35.07692307692308
4,18,13,25,7,7,16,19,0,7,9,9,9.850746268656717,28.65671641791045,34.02985074626866,47.46268656716418
3,24,44,41,19,15,13,10,1,0,7,6,15.081967213114755,25.573770491803277,41.967213114754095,37.37704918032787
24,17,39,7,6,15,12,14,6,3,8,5,27.692307692307693,26.923076923076923,45.38461538461539,20.0
38,39,13,31,15,8,2,18,1,0,0,8,37.456647398843934,32.60115606936416,10.404624277456648,39.53757225433526
37,32,22,14,19,4,9,16,3,4,2,3,42.909090909090914,29.090909090909093,24.0,24.0
32,24,16,32,14,7,14,13,7,3,8,8,35.73033707865169,22.921348314606742,25.617977528089888,35.73033707865169
46,1,13,39,19,6,11,16,5,1,9,6,48.83720930232558,5.5813953488372094,23.02325581395349,42.55813953488372
39,38,5,5,16,9,18,13,8,5,2,6,46.09756097560976,38.048780487804876,18.29268292682927,17.560975609756095
2,6,7,41,10,1,17,6,4,0,2,4,19.2,8.4,31.200000000000003,61.2
14,46,28,32,11,1,19,17,6,2,5,4,20.10810810810811,31.783783783783786,33.72972972972973,34.37837837837838
29,38,26,35,5,9,19,14,0,9,5,7,20.816326530612244,34.285714285714285,30.612244897959183,34.285714285714285
28,37,32,36,4,19,2,4,0,1,3,1,22.994011976047904,40.95808383233533,26.58682634730539,29.461077844311376
26,32,3,21,7,7,7,11,8,9,7,7,33.93103448275862,39.724137931034484,14.068965517241379,32.275862068965516
1,9,4,9,7,10,13,7,3,4,3,8,16.923076923076923,35.38461538461539,30.769230769230766,36.92307692307693
32,37,12,30,9,6,16,3,1,7,1,0,32.72727272727273,38.96103896103896,22.5974025974026,25.71428571428571
46,35,44,23,12,3,4,3,9,2,8,2,42.09424083769633,25.130890052356023,35.18324607329843,17.591623036649214
14,28,7,4,17,5,1,10,8,6,9,0,42.935779816513765,42.935779816513765,18.71559633027523,15.412844036697248
28,46,3,11,13,4,5,9,9,4,8,2,42.25352112676056,45.63380281690141,13.52112676056338,18.591549295774648
44,1,26,30,7,13,2,11,8,4,8,9,43.43558282208589,13.251533742331288,26.503067484662576,36.809815950920246
35,35,25,42,15,16,0,9,5,8,6,6,32.67326732673268,35.04950495049505,18.415841584158414,33.86138613861386
26,4,19,10,9,1,8,12,7,6,8,8,42.71186440677966,11.186440677966102,35.59322033898305,30.508474576271183
9,39,37,5,15,17,18,11,5,6,1,8,20.350877192982455,43.50877192982456,39.29824561403508,16.842105263157894
7,22,46,25,7,16,14,9,0,0,2,5,10.980392156862745,29.80392156862745,48.627450980392155,30.588235294117645
45,42,11,25,14,14,6,12,4,1,8,9,39.58115183246073,35.81151832460733,15.706806282722512,28.900523560209425
12,39,17,24,16,8,7,19,3,3,4,7,23.39622641509434,37.73584905660377,21.132075471698112,37.73584905660377
32,46,39,42,17,12,15,8,9,3,4,3,30.26086956521739,31.826086956521742,30.26086956521739,27.652173913043477
11,43,35,47,11,11,5,18,5,2,7,5,16.200000000000003,33.6,28.2,42.0
3,4,36,7,6,2,15,17,9,4,1,9,19.115044247787612,10.619469026548673,55.2212389380531,35.04424778761062
41,48,27,30,15,6,3,7,9,6,1,0,40.41450777202072,37.30569948186528,19.274611398963728,23.00518134715026
8,28,13,39,12,12,16,16,6,4,0,3,19.872611464968152,33.63057324840764,22.165605095541398,44.331210191082796
40,21,10,22,4,5,18,12,3,9,6,8,35.69620253164557,26.582278481012658,25.822784810126585,31.898734177215186
0,45,36,20,13,3,6,7,1,0,1,6,12.173913043478262,41.73913043478261,37.391304347826086,28.695652173913043
25,45,35,22,12,5,5,2,9,5,3,0,32.85714285714286,39.285714285714285,30.71428571428571,17.142857142857142
0,39,14,20,2,12,1,15,0,4,0,6,2.1238938053097343,58.4070796460177,15.92920353982301,43.53982300884956
46,8,8,9,5,7,7,5,0,0,1,9,58.285714285714285,17.142857142857142,18.28571428571429,26.285714285714285
25,40,34,24,13,2,9,2,2,0,8,9,28.57142857142857,30.0,36.42857142857142,25.0
25,10,37,1,11,16,4,19,7,4,1,4,37.122302158273385,25.899280575539567,36.2589928057554,20.719424460431657
6,17,26,33,8,19,6,3,5,0,3,8,17.01492537313433,32.23880597014925,31.343283582089548,39.40298507462687
26,16,42,43,12,12,9,17,1,4,0,3,25.2972972972973,20.756756756756758,33.08108108108108,40.86486486486487
23,24,6,5,16,19,19,12,3,5,9,8,33.8255033557047,38.65771812080537,27.38255033557047,20.134228187919465
23,32,48,28,16,3,0,0,2,8,5,6,28.7719298245614,30.175438596491226,37.19298245614035,23.859649122807017
42,21,25,27,14,12,16,7,9,1,9,5,41.48936170212766,21.70212765957447,31.914893617021278,24.893617021276594
49,20,48,6,17,12,13,7,5,1,1,1,47.33333333333333,22.0,41.333333333333336,9.333333333333334
16,19,40,48,7,14,12,6,9,0,4,7,21.098901098901102,21.75824175824176,36.92307692307693,40.21978021978022
19,21,27,39,4,16,15,1,1,4,7,9,17.66871165644172,30.1840490797546,36.07361963190184,36.07361963190184
48,6,0,31,17,16,6,12,4,1,2,5,55.94594594594595,18.64864864864865,6.486486486486487,38.91891891891892
12,29,22,18,17,13,17,12,4,3,3,4,25.71428571428571,35.064935064935064,32.72727272727273,26.49350649350649
31,29,28,48,10,15,16,7,1,8,1,9,24.82758620689655,30.738916256157637,26.60098522167488,37.83251231527094
44,28,29,15,18,19,14,8,1,9,8,2,38.769230769230774,34.46153846153846,31.384615384615387,15.384615384615383
39,18,17,0,19,9,11,19,9,6,3,5,51.87096774193548,25.548387096774192,24.0,18.580645161290324
13,46,49,1,0,19,8,14,3,9,6,0,11.428571428571427,52.857142857142854,45.0,10.714285714285715
27,48,49,29,0,11,2,10,2,2,0,5,18.81081081081081,39.56756756756757,33.08108108108108,28.54054054054054
37,3,0,7,1,15,8,14,8,7,6,9,48.0,26.08695652173913,14.608695652173914,31.304347826086957
28,38,2,31,11,0,12,13,7,5,8,2,35.159235668789805,32.86624203821656,16.81528662420382,35.159235668789805
9,9,18,45,7,7,11,0,9,9,8,3,22.22222222222222,22.22222222222222,32.88888888888889,42.66666666666667
33,32,22,27,10,7,9,18,6,8,1,1,33.79310344827586,32.41379310344828,22.06896551724138,31.724137931034484
31,49,6,28,10,6,10,16,8,2,8,4,33.03370786516854,38.426966292134836,16.179775280898877,32.359550561797754
7,0,2,23,0,7,5,17,5,1,7,8,17.560975609756095,11.707317073170731,20.48780487804878,70.24390243902438
22,7,46,36,5,4,12,18,1,5,5,7,20.0,11.428571428571427,45.0,43.57142857142857
2,32,27,46,7,8,16,2,9,4,8,0,13.416149068322982,32.79503105590062,38.01242236024844,35.776397515527954
7,33,34,31,18,10,16,18,8,9,6,3,20.518134715025905,32.33160621761658,34.81865284974093,32.33160621761658
23,13,31,45,1,7,18,6,2,9,5,0,19.5,21.75,40.5,38.25
42,15,3,36,16,5,18,5,2,1,8,2,47.05882352941176,16.47058823529412,22.745098039215684,33.72549019607843
20,13,30,47,1,5,4,18,1,3,1,0,18.461538461538463,17.622377622377623,29.370629370629374,54.54545454545455
17,6,9,6,19,3,16,10,5,9,7,9,42.41379310344827,18.620689655172413,33.10344827586207,25.86206896551724
32,22,20,18,3,12,19,16,9,1,8,2,32.59259259259259,25.925925925925924,34.81481481481482,26.666666666666664
47,18,35,28,8,3,13,18,7,7,2,2,39.57446808510638,17.872340425531913,31.914893617021278,30.638297872340424
17,1,0,46,2,13,7,0,5,0,3,0,30.638297872340424,17.872340425531913,12.76595744680851,58.723404255319146
4,19,10,41,9,17,15,7,2,8,4,4,12.857142857142856,37.714285714285715,24.857142857142858,44.57142857142857
1,2,22,11,0,11,7,15,3,2,4,3,5.925925925925926,22.22222222222222,48.888888888888886,42.96296296296296
19,4,36,37,17,3,5,11,7,3,7,5,33.506493506493506,7.792207792207791,37.4025974025974,41.298701298701296
29,8,33,43,8,14,15,11,4,3,3,3,28.275862068965516,17.241379310344826,35.172413793103445,39.310344827586206
34,21,43,23,13,12,1,2,8,3,8,9,37.28813559322034,24.40677966101695,35.25423728813559,23.05084745762712
16,9,29,45,9,8,19,7,5,9,6,9,21.052631578947366,18.24561403508772,37.89473684210526,42.807017543859644
22,31,16,49,9,18,2,4,2,7,2,0,24.444444444444443,41.48148148148148,14.814814814814813,39.25925925925926
16,13,8,39,2,15,16,14,9,4,1,9,22.191780821917806,26.301369863013697,20.54794520547945,50.958904109589035
1,44,24,38,2,11,8,11,5,9,8,0,5.962732919254658,47.701863354037265,29.81366459627329,36.52173913043478
8,21,42,45,14,1,17,19,3,0,0,7,16.949152542372882,14.915254237288137,40.0,48.13559322033898
3,25,28,44,11,3,15,15,1,0,7,3,11.612903225806452,21.677419354838708,38.70967741935484,48.0
33,22,36,10,0,1,2,19,2,3,4,0,31.818181818181817,23.636363636363637,38.18181818181818,26.363636363636363
5,17,20,41,16,19,0,19,0,2,5,0,17.5,31.666666666666668,20.833333333333332,50.0
35,40,37,33,5,14,13,19,1,6,0,6,23.54066985645933,34.44976076555024,28.708133971291865,33.301435406698566
16,36,24,37,14,13,4,5,3,9,5,7,22.89017341040462,40.23121387283237,22.89017341040462,33.98843930635839
11,22,41,21,16,10,15,11,8,5,8,3,24.561403508771928,25.964912280701753,44.91228070175438,24.561403508771928
20,26,30,5,14,3,17,2,5,7,8,2,33.669064748201436,31.07913669064748,47.482014388489205,7.76978417266187
26,39,33,11,7,2,7,17,1,5,3,0,27.019867549668877,36.556291390728475,34.17218543046358,22.251655629139073
44,6,9,44,9,19,16,7,7,8,8,1,40.44943820224719,22.247191011235955,22.247191011235955,35.056179775280896
16,25,20,27,10,4,12,4,8,6,4,6,28.73239436619718,29.577464788732396,30.422535211267604,31.267605633802816
45,1,42,0,12,5,4,8,8,7,5,3,55.714285714285715,11.142857142857142,43.714285714285715,9.428571428571429
35,25,28,20,15,1,0,7,0,5,2,5,41.95804195804195,26.013986013986013,25.174825174825173,26.853146853146853
10,39,10,35,18,10,11,11,5,3,1,8,24.596273291925467,38.75776397515528,16.39751552795031,40.24844720496895
48,38,39,34,6,12,7,8,1,2,9,0,32.35294117647059,30.588235294117645,32.35294117647059,24.705882352941174
33,46,23,21,6,14,1,19,6,0,8,0,30.508474576271183,40.67796610169491,21.694915254237287,27.11864406779661
4,32,35,46,11,0,7,4,4,6,2,8,14.339622641509434,28.67924528301887,33.20754716981132,43.77358490566037
19,18,34,42,14,0,0,9,7,2,4,6,30.967741935483872,15.483870967741936,29.419354838709676,44.12903225806451
16,44,42,33,9,14,16,5,3,4,2,8,17.142857142857142,37.95918367346939,36.734693877551024,28.16326530612245
8,25,1,8,2,12,15,7,9,8,6,9,20.727272727272727,49.09090909090909,24.0,26.18181818181818
8,39,16,0,14,16,16,12,1,6,6,4,20.0,53.04347826086957,33.04347826086956,13.91304347826087
24,42,39,41,16,5,16,15,8,2,3,0,27.29857819905213,27.867298578199055,32.985781990521325,31.84834123222749
24,38,34,2,13,12,5,2,5,3,0,1,36.2589928057554,45.75539568345324,33.669064748201436,4.316546762589928
49,36,43,43,13,13,14,7,2,8,7,6,31.86721991701245,28.38174273858921,31.86721991701245,27.883817427385893
29,37,33,11,14,12,16,2,3,0,7,3,33.053892215568865,35.20958083832335,40.23952095808383,11.497005988023952
18,36,43,48,5,4,16,1,2,8,9,3,15.5440414507772,29.844559585492227,42.27979274611398,32.33160621761658
16,9,48,46,14,4,19,5,3,8,1,4,22.372881355932204,14.237288135593221,46.10169491525424,37.28813559322034
11,15,23,18,5,17,17,3,3,8,4,8,17.272727272727273,36.36363636363637,40.0,26.363636363636363
7,30,20,16,16,13,13,12,8,1,8,2,25.479452054794518,36.16438356164383,33.6986301369863,24.65753424657534
22,36,15,5,6,11,14,18,3,0,0,0,28.615384615384617,43.38461538461539,26.76923076923077,21.230769230769234
7,24,17,24,10,14,11,2,8,7,4,4,22.727272727272727,40.90909090909091,29.090909090909093,27.272727272727273
11,14,25,40,16,2,18,19,8,2,2,6,25.766871165644172,13.251533742331288,33.128834355828225,47.852760736196316
44,25,46,31,3,2,15,11,8,5,1,0,34.554973821989535,20.104712041884817,38.952879581151834,26.387434554973822
9,15,6,16,7,16,6,10,1,0,9,9,19.615384615384617,35.76923076923077,24.23076923076923,40.38461538461539
22,25,20,21,17,0,2,3,8,9,7,6,40.285714285714285,29.142857142857142,24.857142857142858,25.71428571428571
6,13,14,6,12,5,13,4,2,7,1,1,28.57142857142857,35.714285714285715,40.0,15.714285714285715
8,47,7,49,15,14,14,3,9,2,6,0,22.06896551724138,43.44827586206897,18.620689655172413,35.862068965517246
22,28,17,30,7,15,15,3,7,6,3,4,27.515923566878982,37.452229299363054,26.751592356687897,28.280254777070063
29,38,34,17,12,12,1,2,9,0,3,0,38.216560509554135,38.216560509554135,29.044585987261147,14.522292993630574
41,38,16,13,7,14,10,8,0,9,0,6,35.55555555555556,45.18518518518518,19.25925925925926,20.0
30,23,34,43,6,12,1,7,6,3,1,2,30.0,27.142857142857142,25.71428571428571,37.142857142857146
44,33,2,36,6,11,18,6,7,7,5,9,37.17391304347826,33.26086956521739,16.304347826086957,33.26086956521739
42,39,25,22,9,15,2,9,8,8,3,0,38.901098901098905,40.87912087912088,19.78021978021978,20.43956043956044
43,38,14,48,5,17,17,4,0,9,4,1,28.799999999999997,38.4,21.0,31.8
3,28,21,24,6,1,10,12,5,6,0,5,13.884297520661157,34.71074380165289,30.74380165289256,40.66115702479338
12,17,32,15,4,5,13,11,7,4,6,9,20.444444444444443,23.11111111111111,45.33333333333333,31.11111111111111
44,41,43,1,3,5,9,17,5,3,6,9,33.54838709677419,31.61290322580645,37.41935483870968,17.41935483870968
34,41,33,29,14,7,8,4,8,9,9,6,33.26732673267327,33.86138613861386,29.7029702970297,23.168316831683168
12,12,17,31,9,19,5,15,4,6,2,1,22.55639097744361,33.38345864661654,21.654135338345863,42.40601503759398
31,34,38,45,2,9,10,10,4,3,4,7,22.538071065989847,28.02030456852792,31.675126903553302,37.766497461928935
28,48,28,43,16,3,3,16,3,8,6,9,26.729857819905213,33.55450236966825,21.04265402843602,38.67298578199052
15,43,46,9,8,18,4,5,6,7,5,7,20.115606936416185,47.16763005780347,38.15028901734104,14.566473988439306
29,24,38,19,2,0,19,15,2,9,9,0,23.85542168674699,23.85542168674699,47.71084337349398,24.57831325301205
4,0,29,48,10,12,9,2,5,0,8,1,17.8125,11.25,43.125,47.8125
2,44,13,29,8,11,13,0,1,6,1,9,9.635036496350365,53.43065693430657,23.649635036496353,33.284671532846716
49,3,17,36,17,16,8,8,7,5,6,6,49.21348314606742,16.179775280898877,20.898876404494384,33.70786516853933
24,47,0,45,9,18,14,4,5,9,8,8,23.87434554973822,46.49214659685864,13.821989528795811,35.81151832460733
14,8,14,48,14,19,1,12,6,8,9,2,26.322580645161292,27.096774193548388,18.580645161290324,48.0
23,3,11,36,15,14,9,13,2,0,4,3,36.09022556390977,15.338345864661653,21.654135338345863,46.9172932330827
36,42,5,38,9,13,8,13,1,8,2,7,30.32967032967033,41.53846153846154,9.89010989010989,38.24175824175824
45,23,10,12,2,19,15,1,5,4,0,3,44.89208633093525,39.71223021582734,21.58273381294964,13.812949640287771
33,24,6,3,9,2,10,10,2,0,4,5,48.888888888888886,28.888888888888886,22.22222222222222,20.0
7,19,28,44,12,6,16,1,1,2,5,3,16.666666666666668,22.5,40.833333333333336,40.0
45,9,42,33,11,9,17,10,8,4,3,1,40.0,13.75,38.75,27.5
25,40,48,2,15,16,18,17,5,9,1,6,26.73267326732673,38.613861386138616,39.801980198019805,14.85148514851485
5,4,4,46,2,15,5,11,2,8,4,7,9.557522123893806,28.672566371681416,13.805309734513274,67.9646017699115
22,48,8,34,10,14,14,15,5,9,7,2,23.617021276595747,45.319148936170215,18.51063829787234,32.5531914893617
19,48,41,34,9,11,12,3,2,4,9,2,18.556701030927837,38.96907216494846,38.350515463917525,24.123711340206185
49,17,16,23,6,1,14,7,7,9,7,1,47.388535031847134,20.636942675159233,28.280254777070063,23.694267515923567
2,31,34,37,6,14,13,7,3,9,0,3,8.30188679245283,40.75471698113207,35.471698113207545,35.471698113207545
12,46,24,8,11,12,10,16,3,9,8,2,19.37888198757764,49.93788819875776,31.304347826086957,19.37888198757764
3,13,36,33,16,3,7,4,1,8,8,0,18.181818181818183,21.81818181818182,46.36363636363636,33.63636363636363
10,40,2,27,15,3,14,11,5,9,7,2,24.82758620689655,43.03448275862069,19.03448275862069,33.10344827586207
28,8,2,24,4,15,13,9,8,1,5,0,41.02564102564103,24.615384615384613,20.512820512820515,33.84615384615385
33,11,41,8,6,12,19,4,6,2,6,3,35.76158940397351,19.867549668874172,52.450331125827816,11.920529801324502
14,39,24,4,2,14,3,14,8,4,2,7,21.333333333333336,50.666666666666664,25.77777777777778,22.22222222222222
10,33,23,14,13,19,18,12,5,1,2,7,21.401273885350317,40.509554140127385,32.86624203821656,25.222929936305732
37,7,4,47,9,4,19,19,9,6,9,5,37.714285714285715,11.657142857142857,21.942857142857143,48.68571428571428
25,17,5,36,5,3,1,15,0,8,2,4,29.75206611570248,27.768595041322314,7.933884297520661,54.54545454545455
47,12,27,4,17,4,3,12,6,6,2,3,58.74125874125875,18.461538461538463,26.853146853146853,15.944055944055943
12,16,49,39,18,1,12,10,9,6,7,1,26.0,15.333333333333332,45.33333333333333,33.333333333333336
44,31,28,2,3,19,19,14,8,6,7,5,35.483870967741936,36.12903225806452,34.83870967741936,13.548387096774194
39,33,39,26,3,8,6,18,5,8,3,4,29.375,30.624999999999996,30.0,30.0
12,44,32,5,18,5,5,19,8,0,3,6,29.044585987261147,37.452229299363054,30.573248407643312,22.929936305732486
23,18,15,39,14,14,19,8,8,9,5,7,30.16759776536313,27.486033519553075,26.145251396648042,36.201117318435756
27,32,47,40,3,17,17,4,8,9,3,0,22.02898550724638,33.6231884057971,38.84057971014493,25.507246376811594
12,42,44,24,19,10,4,3,7,1,0,6,26.511627906976745,36.97674418604651,33.48837209302326,23.02325581395349
41,35,26,37,11,1,12,9,9,8,8,2,36.78391959798995,26.532663316582916,27.738693467336685,28.94472361809045
6,4,42,44,8,9,6,3,5,6,9,8,15.200000000000001,15.200000000000001,45.6,44.0
30,22,41,9,18,9,2,18,1,7,6,3,35.42168674698795,27.469879518072286,35.42168674698795,21.686746987951807
31,42,29,38,1,19,9,1,1,7,4,5,21.176470588235297,43.63636363636364,26.951871657754012,28.235294117647058
30,17,35,1,1,16,15,15,6,9,0,7,29.210526315789476,33.15789473684211,39.473684210526315,18.157894736842106
13,12,28,11,13,6,10,0,3,8,0,1,33.142857142857146,29.714285714285715,43.42857142857143,13.714285714285714
38,1,31,12,10,3,6,14,5,9,0,3,48.18181818181818,11.818181818181818,33.63636363636363,26.363636363636363
45,26,48,40,17,11,16,0,7,9,4,8,35.84415584415584,23.896103896103895,35.324675324675326,24.935064935064936
16,39,30,33,10,0,14,9,5,0,5,5,22.409638554216865,28.192771084337352,35.42168674698795,33.975903614457835
23,44,34,47,6,1,9,3,5,7,5,4,21.70212765957447,33.19148936170213,30.638297872340424,34.46808510638298
5,18,29,6,11,18,10,7,1,3,9,4,16.859504132231404,38.67768595041322,47.603305785123965,16.859504132231404
9,40,31,33,17,10,10,12,9,3,1,6,23.204419889502763,35.13812154696132,27.845303867403313,33.812154696132595
27,14,29,36,2,11,2,9,9,9,1,0,30.604026845637588,27.38255033557047,25.77181208053691,36.241610738255034
28,21,3,19,16,1,16,15,4,0,0,0,46.829268292682926,21.463414634146343,18.53658536585366,33.170731707317074
31,35,49,3,1,19,5,9,5,8,9,0,25.517241379310345,42.758620689655174,43.44827586206897,8.275862068965518
26,16,11,21,9,7,0,12,4,8,8,0,38.36065573770492,30.491803278688526,18.688524590163937,32.459016393442624
16,9,0,21,8,9,14,4,7,0,7,0,39.15789473684211,22.736842105263158,26.526315789473685,31.57894736842105
25,17,49,13,15,12,19,17,4,7,5,8,27.643979057591622,22.61780104712042,45.86387434554974,23.87434554973822
46,28,11,35,10,8,15,1,0,8,0,9,39.29824561403508,30.877192982456137,18.24561403508772,31.57894736842105
34,11,6,28,1,11,7,8,9,2,0,2,44.36974789915966,24.201680672268907,13.109243697478991,38.319327731092436
10,32,5,46,11,8,9,1,1,1,8,7,18.992805755395683,35.39568345323741,18.992805755395683,46.618705035971225
14,31,10,22,15,19,6,1,0,3,0,0,28.7603305785124,52.56198347107438,15.867768595041323,22.8099173553719
25,33,45,33,0,18,3,1,3,1,2,8,19.534883720930235,36.27906976744186,34.88372093023256,29.302325581395348
28,3,16,34,13,1,14,11,1,3,0,1,40.32,6.72,28.799999999999997,44.16
12,40,38,14,4,19,6,9,4,9,0,6,14.906832298136646,50.683229813664596,32.79503105590062,21.61490683229814
28,28,10,31,13,13,4,17,3,5,7,5,32.19512195121951,33.65853658536586,15.365853658536587,38.78048780487805
1,46,13,19,13,1,11,5,1,0,7,7,14.516129032258064,45.483870967741936,30.0,30.0
21,10,26,2,3,12,3,13,8,5,0,8,34.5945945945946,29.18918918918919,31.35135135135135,24.864864864864863
16,43,27,28,15,3,0,12,2,5,9,9,23.431952662721894,36.213017751479285,25.562130177514792,34.79289940828402
20,46,15,36,3,19,17,5,8,2,4,4,20.782122905027933,44.91620111731844,24.134078212290504,30.16759776536313
19,5,18,4,2,12,15,4,9,6,3,3,36.0,27.6,43.199999999999996,13.2
2,0,37,14,3,7,18,13,6,8,3,3,11.578947368421051,15.789473684210526,61.05263157894737,31.57894736842105
33,34,48,24,6,13,5,11,5,5,6,0,27.789473684210527,32.8421052631579,37.26315789473684,22.105263157894736
23,11,17,14,15,16,12,13,2,8,5,5,34.04255319148936,29.78723404255319,28.936170212765955,27.23404255319149
43,15,26,7,6,13,14,11,4,2,4,0,43.862068965517246,24.82758620689655,36.41379310344828,14.89655172413793
45,24,16,28,16,8,14,11,2,3,4,9,42.0,23.333333333333332,22.666666666666664,32.0
7,14,26,45,1,4,12,19,8,3,2,9,12.8,16.8,32.0,58.400000000000006
49,6,2,28,7,13,14,10,0,9,5,6,45.100671140939596,22.550335570469798,16.91275167785235,35.43624161073826
43,23,2,19,0,2,16,18,9,7,0,3,43.943661971830984,27.04225352112676,15.211267605633802,33.802816901408455
45,14,24,29,13,7,12,19,4,1,0,7,42.51428571428571,15.085714285714287,24.685714285714287,37.714285714285715
13,6,16,43,2,4,8,5,5,4,8,1,20.869565217391305,14.608695652173914,33.391304347826086,51.130434782608695
19,35,8,37,1,12,4,7,9,7,9,8,22.307692307692307,41.53846153846154,16.153846153846153,40.0
47,21,1,23,0,19,11,10,0,6,7,2,38.36734693877551,37.55102040816327,15.510204081632654,28.57142857142857
7,10,12,16,6,14,10,15,3,2,6,8,17.61467889908257,28.623853211009177,30.825688073394495,42.935779816513765
7,20,17,29,2,19,13,2,2,5,7,5,10.3125,41.25,34.6875,33.75
17,45,46,30,0,14,0,16,1,6,1,1,12.203389830508476,44.067796610169495,31.864406779661017,31.864406779661017
37,31,10,44,1,19,5,7,1,0,0,6,29.06832298136646,37.26708074534161,11.180124223602483,42.484472049689444
24,32,37,40,15,18,0,2,4,2,0,9,28.19672131147541,34.0983606557377,24.262295081967213,33.44262295081967
7,10,21,23,2,4,11,11,5,0,8,1,16.310679611650485,16.310679611650485,46.601941747572816,40.77669902912621
40,16,11,45,19,12,19,8,0,6,5,5,38.064516129032256,21.935483870967744,22.580645161290324,37.41935483870968
31,14,15,21,6,3,18,18,4,3,3,2,35.65217391304348,17.391304347826086,31.304347826086957,35.65217391304348
27,19,32,9,5,12,10,12,9,7,6,8,31.53846153846154,29.23076923076923,36.92307692307693,22.307692307692307
39,31,49,32,12,19,14,12,0,6,9,3,27.079646017699115,29.734513274336283,38.230088495575224,24.955752212389378
1,32,32,40,10,18,7,19,6,0,4,2,11.929824561403509,35.08771929824561,30.175438596491226,42.807017543859644
12,29,32,12,7,9,15,18,4,3,1,3,19.03448275862069,33.93103448275862,39.724137931034484,27.310344827586206
25,21,38,1,10,12,8,19,2,0,9,7,29.210526315789476,26.05263157894737,43.42105263157895,21.31578947368421
37,38,25,45,18,15,6,18,4,3,9,4,31.89189189189189,30.270270270270267,21.62162162162162,36.21621621621622
49,14,33,41,11,14,13,10,3,2,4,3,38.3756345177665,18.274111675126903,30.45685279187817,32.89340101522843
43,48,39,10,9,10,5,1,0,2,9,9,33.72972972972973,38.91891891891892,34.37837837837838,12.972972972972974
2,5,8,5,10,18,5,13,7,6,1,0,28.5,43.5,21.0,27.0
8,38,30,31,19,5,16,9,2,4,9,0,20.350877192982455,32.98245614035088,38.59649122807017,28.07017543859649
40,49,11,7,0,2,7,7,2,2,4,2,37.89473684210526,47.81954887218045,19.849624060150376,14.436090225563909
7,49,27,19,19,14,6,10,8,0,3,9,23.859649122807017,44.21052631578947,25.263157894736842,26.666666666666664
46,6,10,19,6,3,11,5,9,3,0,1,61.5126050420168,12.100840336134453,21.176470588235297,25.210084033613445
15,3,5,21,13,11,10,18,0,5,2,6,30.825688073394495,20.91743119266055,18.71559633027523,49.54128440366973
25,2,40,41,4,13,15,12,4,8,6,3,22.89017341040462,15.953757225433524,42.312138728323696,38.84393063583815
13,10,17,11,19,3,10,16,4,4,4,9,36.0,17.0,31.000000000000004,36.0
22,11,12,24,6,13,10,8,8,9,2,5,33.23076923076923,30.46153846153846,22.153846153846153,34.15384615384615
44,18,45,35,12,17,10,14,7,8,6,2,34.678899082568805,23.669724770642205,33.57798165137615,28.073394495412845
44,7,28,31,18,0,3,13,0,3,5,2,48.311688311688314,7.792207792207791,28.051948051948052,35.84415584415584
43,17,5,17,13,2,16,2,0,5,0,8,52.5,22.5,19.6875,25.3125
18,21,36,31,15,13,19,12,0,5,0,6,22.5,26.59090909090909,37.5,33.40909090909091
40,2,27,9,14,13,18,5,2,5,6,0,47.65957446808511,17.02127659574468,43.40425531914894,11.914893617021278
34,28,14,32,9,14,19,5,0,4,5,8,30.0,32.093023255813954,26.511627906976745,31.395348837209305
6,11,48,29,9,6,16,17,0,3,9,7,11.180124223602483,14.906832298136646,54.40993788819876,39.50310559006211
20,30,23,19,16,8,9,9,9,8,2,1,35.064935064935064,35.84415584415584,26.49350649350649,22.5974025974026
36,3,27,43,6,15,17,5,3,1,0,2,34.17721518987342,14.430379746835444,33.41772151898734,37.9746835443038
19,23,49,48,19,0,0,11,6,0,1,0,30.0,15.681818181818182,34.09090909090909,40.22727272727273
31,40,35,33,1,3,16,3,7,4,7,2,25.71428571428571,30.989010989010993,38.24175824175824,25.054945054945055
35,1,14,33,10,3,0,6,6,7,5,6,48.57142857142857,10.476190476190476,18.095238095238095,42.85714285714286
35,5,38,41,17,8,2,7,1,7,4,6,37.19298245614035,14.035087719298245,30.877192982456137,37.89473684210526
11,2,44,17,18,3,17,19,0,4,0,7,24.507042253521128,7.605633802816901,51.54929577464789,36.33802816901408
39,20,14,32,10,13,17,15,3,3,1,4,36.49122807017544,25.263157894736842,22.45614035087719,35.78947368421053
34,25,7,35,2,14,3,4,0,8,4,5,30.638297872340424,40.0,11.914893617021278,37.4468085106383
47,29,22,41,16,6,15,13,1,9,9,0,36.92307692307693,25.384615384615383,26.538461538461537,31.153846153846157
43,13,13,1,15,6,8,3,3,6,5,9,58.56,24.0,24.959999999999997,12.479999999999999
36,4,37,44,10,1,11,11,0,0,7,3,33.65853658536586,3.6585365853658534,40.243902439024396,42.4390243902439
40,46,13,38,3,17,6,0,4,6,7,9,29.84126984126984,43.80952380952381,16.507936507936506,29.84126984126984
24,19,1,38,12,5,5,11,6,1,3,9,37.61194029850746,22.388059701492537,8.059701492537313,51.940298507462686
5,16,24,27,7,18,4,17,0,9,8,2,10.51094890510949,37.66423357664234,31.532846715328468,40.29197080291971
1,34,36,4,4,9,0,9,2,9,8,9,6.72,49.919999999999995,42.239999999999995,21.119999999999997
0,39,11,35,4,11,6,8,2,7,1,2,5.7142857142857135,54.285714285714285,17.142857142857142,42.85714285714286
44,22,46,30,11,0,10,14,1,0,1,7,36.12903225806452,14.193548387096776,36.774193548387096,32.90322580645161
10,9,2,13,1,19,6,11,8,1,6,4,25.333333333333332,38.66666666666667,18.666666666666668,37.333333333333336
15,9,28,9,17,2,6,10,2,8,5,0,36.75675675675676,20.54054054054054,42.16216216216216,20.54054054054054
11,29,40,0,17,11,5,4,4,6,3,7,28.02919708029197,40.29197080291971,42.04379562043796,9.635036496350365
4,19,7,42,0,11,10,3,9,4,8,8,12.479999999999999,32.64,24.0,50.879999999999995
11,0,19,27,17,3,16,1,8,0,1,2,41.142857142857146,3.4285714285714284,41.142857142857146,34.285714285714285
42,36,46,36,1,11,5,9,3,9,8,9,25.674418604651162,31.25581395348837,32.93023255813954,30.139534883720934
11,36,48,48,15,13,6,18,5,0,8,5,17.464788732394364,27.6056338028169,34.92957746478873,40.0
43,27,46,14,16,8,12,4,3,3,2,6,40.43478260869565,24.782608695652176,39.130434782608695,15.652173913043478
5,43,19,49,4,9,9,6,2,1,9,7,8.098159509202453,39.01840490797546,27.23926380368098,45.644171779141104
13,1,8,36,14,6,14,2,3,7,0,4,33.333333333333336,15.555555555555555,24.444444444444443,46.666666666666664
19,25,28,0,18,9,14,2,8,0,3,5,41.221374045801525,31.145038167938928,41.221374045801525,6.412213740458015
34,5,36,4,5,11,14,5,9,7,2,4,42.352941176470594,20.294117647058826,45.882352941176464,11.470588235294116
32,48,13,11,12,18,2,7,6,0,6,7,37.03703703703704,48.888888888888886,15.555555555555555,18.51851851851852
41,19,49,23,7,19,14,3,7,8,5,5,33.0,27.6,40.800000000000004,18.6
42,33,24,49,18,2,12,7,1,2,3,3,37.3469387755102,22.653061224489793,23.877551020408163,36.12244897959184
28,38,30,46,15,12,2,15,7,0,9,3,29.268292682926827,29.268292682926827,24.0,37.46341463414634
42,49,22,43,8,13,12,6,3,0,2,4,31.176470588235297,36.470588235294116,21.176470588235297,31.176470588235297
37,19,22,44,14,6,5,1,5,8,8,8,37.96610169491526,22.372881355932204,23.728813559322035,35.93220338983051
15,49,41,7,8,16,4,11,0,8,7,1,16.526946107784433,52.455089820359284,37.365269461077844,13.652694610778443
49,20,0,7,0,9,10,15,0,0,5,8,47.80487804878049,28.29268292682927,14.634146341463413,29.268292682926827
28,31,37,4,13,7,16,17,6,4,1,0,34.390243902439025,30.731707317073173,39.51219512195122,15.365853658536587
46,21,46,33,11,16,13,15,1,0,2,5,33.301435406698566,21.24401913875598,35.02392344497608,30.430622009569376
0,25,42,9,13,8,3,10,7,2,9,8,17.647058823529413,30.882352941176467,47.647058823529406,23.823529411764703
29,49,17,16,5,14,4,10,9,4,6,7,30.352941176470587,47.29411764705882,19.058823529411764,23.294117647058822
25,7,46,39,17,12,10,13,2,1,1,4,29.830508474576273,13.559322033898304,38.644067796610166,37.96610169491526
48,11,26,7,17,18,14,8,0,1,8,6,47.5609756097561,21.95121951219512,35.12195121951219,15.365853658536587
24,45,3,32,7,19,0,3,5,8,6,4,27.692307692307693,55.38461538461539,6.923076923076923,30.0
0,18,30,15,13,1,15,2,8,5,5,3,21.91304347826087,25.043478260869563,52.17391304347826,20.869565217391305
13,47,4,40,7,5,15,15,0,4,8,7,14.545454545454547,40.72727272727273,19.636363636363637,45.090909090909086
25,27,1,49,6,12,12,4,7,4,8,2,29.044585987261147,32.86624203821656,16.050955414012737,42.038216560509554
5,8,32,40,19,17,14,17,2,0,8,5,18.682634730538922,17.964071856287422,38.80239520958084,44.550898203592816
24,47,12,8,1,9,12,17,1,7,8,8,20.25974025974026,49.09090909090909,24.935064935064936,25.71428571428571
12,30,40,10,14,11,14,12,1,1,6,3,21.03896103896104,32.72727272727273,46.753246753246756,19.48051948051948
3,33,37,45,17,14,10,18,0,7,1,2,12.834224598930481,34.652406417112296,30.802139037433157,41.711229946524064
3,37,18,5,2,6,13,13,4,2,6,6,9.391304347826088,46.95652173913044,38.60869565217391,25.043478260869563
33,17,12,40,12,11,8,0,1,6,5,9,35.84415584415584,26.49350649350649,19.48051948051948,38.18181818181818
22,18,44,10,18,10,18,17,8,8,1,6,32.0,24.0,42.0,22.0
0,23,6,24,11,0,18,19,4,5,0,6,15.517241379310345,28.965517241379313,24.82758620689655,50.689655172413794
20,14,0,11,16,4,2,1,5,3,0,8,58.57142857142857,30.0,2.8571428571428568,28.57142857142857
6,14,20,18,2,7,15,5,3,1,7,1,13.333333333333332,26.666666666666664,50.909090909090914,29.090909090909093
28,24,32,48,12,15,15,2,4,5,7,0,27.5,27.5,33.75,31.250000000000004
31,48,34,43,12,13,7,11,0,3,4,8,24.11214953271028,35.88785046728972,25.233644859813083,34.76635514018691
37,25,10,34,7,8,0,5,6,6,7,4,40.26845637583893,31.409395973154364,13.691275167785236,34.63087248322148
7,45,13,9,18,10,10,12,4,0,8,5,24.680851063829785,46.808510638297875,26.382978723404257,22.127659574468083
1,45,8,2,10,17,14,0,8,2,4,1,20.357142857142858,68.57142857142857,27.857142857142858,3.214285714285714
20,25,7,47,6,12,11,17,9,4,7,1,25.30120481927711,29.63855421686747,18.072289156626507,46.98795180722891
1,5,27,28,18,14,7,18,7,3,9,9,21.36986301369863,18.082191780821915,35.34246575342466,45.205479452054796
25,24,11,4,9,6,17,15,0,4,0,6,33.71900826446281,33.71900826446281,27.768595041322314,24.793388429752067
33,47,36,14,19,5,8,12,7,2,2,6,37.06806282722513,33.92670157068063,28.900523560209425,20.104712041884817
43,35,14,42,7,15,12,12,3,2,7,2,32.78350515463917,32.16494845360825,20.41237113402062,34.63917525773196
47,22,5,45,16,19,4,16,6,1,0,5,44.516129032258064,27.096774193548388,5.806451612903226,42.58064516129033
49,43,42,44,8,1,17,8,7,0,9,8,32.54237288135593,22.372881355932204,34.57627118644068,30.508474576271183
20,22,42,15,5,10,5,5,2,2,3,0,24.732824427480917,31.145038167938928,45.80152671755725,18.320610687022903
46,14,24,35,12,10,13,1,8,2,9,3,44.74576271186441,17.627118644067796,31.1864406779661,26.440677966101696
10,14,3,20,7,2,2,0,0,3,0,4,31.384615384615387,35.07692307692308,9.230769230769232,44.30769230769231
12,21,18,33,18,17,16,19,4,6,7,3,23.448275862068968,30.3448275862069,28.275862068965516,37.93103448275862
13,3,47,45,12,2,0,3,6,3,2,5,26.382978723404257,6.808510638297872,41.702127659574465,45.1063829787234
26,28,46,27,12,16,10,1,3,2,8,4,26.885245901639344,30.16393442622951,41.967213114754095,20.983606557377048
34,7,15,41,15,1,18,18,6,5,9,4,38.15028901734104,9.017341040462428,29.13294797687861,43.69942196531792
35,29,17,1,15,18,8,0,6,5,9,1,46.666666666666664,43.333333333333336,28.333333333333332,1.6666666666666665
48,12,3,25,9,18,0,1,2,1,2,0,58.51239669421487,30.74380165289256,4.958677685950414,25.785123966942148
24,29,10,6,15,11,7,17,7,5,1,7,39.71223021582734,38.84892086330935,15.53956834532374,25.899280575539567
30,43,9,38,1,12,5,5,5,6,0,6,27.0,45.75,10.5,36.75
12,30,6,48,8,15,10,6,2,7,5,3,17.36842105263158,41.05263157894737,16.578947368421055,45.0
41,41,35,19,9,9,19,17,7,8,9,1,31.813953488372093,32.372093023255815,35.16279069767442,20.651162790697676
3,6,0,43,19,8,14,3,5,4,4,9,27.45762711864407,18.305084745762713,18.305084745762713,55.932203389830505
44,41,46,12,7,8,12,8,2,7,7,4,32.121212121212125,33.93939393939394,39.39393939393939,14.545454545454547
21,20,21,27,3,16,15,14,7,9,7,2,22.962962962962962,33.333333333333336,31.851851851851855,31.851851851851855
8,25,8,14,2,19,4,4,1,8,1,8,12.941176470588236,61.17647058823529,15.294117647058822,30.588235294117645
9,23,41,7,19,14,17,14,3,1,9,0,23.694267515923567,29.044585987261147,51.21019108280255,16.050955414012737
23,15,48,25,1,12,3,9,3,8,8,3,20.50632911392405,26.582278481012658,44.81012658227848,28.10126582278481
26,36,3,49,12,9,8,7,8,5,0,9,32.093023255813954,34.88372093023256,7.674418604651163,45.348837209302324
23,18,35,38,2,15,13,8,5,8,1,5,21.052631578947366,28.7719298245614,34.3859649122807,35.78947368421053
9,24,17,18,10,2,4,9,1,3,7,6,21.81818181818182,31.636363636363633,30.545454545454543,36.0
35,9,32,49,12,3,12,11,8,6,0,1,37.078651685393254,12.134831460674157,29.662921348314605,41.12359550561798
4,46,48,34,4,9,8,19,5,6,2,8,8.082901554404145,37.92746113989637,36.06217616580311,37.92746113989637
43,33,32,20,6,1,6,7,6,5,5,0,40.243902439024396,28.536585365853657,31.463414634146343,19.75609756097561
16,21,47,36,6,13,18,4,4,9,2,6,17.142857142857142,28.35164835164835,44.175824175824175,30.32967032967033
14,34,27,6,17,19,11,16,9,2,4,6,29.090909090909093,40.0,30.545454545454543,20.363636363636363
31,10,9,8,12,1,12,6,2,9,1,5,50.943396226415096,22.641509433962266,24.90566037735849,21.50943396226415
13,12,24,1,9,5,2,2,7,3,8,7,37.41935483870968,25.806451612903228,43.87096774193549,12.903225806451614
34,6,20,17,17,10,19,4,6,6,2,5,46.849315068493155,18.082191780821915,33.6986301369863,21.36986301369863
2,41,38,40,18,18,14,15,4,0,2,0,15.0,36.875,33.75,34.375
48,10,38,23,8,3,14,11,3,9,2,3,41.16279069767442,15.348837209302326,37.674418604651166,25.813953488372093
45,18,3,25,2,13,16,18,8,2,5,5,41.25,24.75,18.0,36.0
37,41,31,38,5,3,6,18,6,8,6,0,28.94472361809045,31.356783919597994,25.929648241206028,33.768844221105525
44,45,35,39,16,15,14,7,7,4,8,9,33.086419753086425,31.60493827160494,28.148148148148145,27.160493827160494
36,32,35,2,18,7,17,15,4,4,1,2,40.23121387283237,29.826589595375722,36.76300578034682,13.179190751445088
8,7,32,5,19,18,9,16,9,8,6,0,31.532846715328468,28.905109489051096,41.167883211678834,18.394160583941606
40,38,3,12,12,12,6,9,2,1,0,8,45.31468531468531,42.7972027972028,7.552447552447553,24.335664335664333
48,1,4,43,1,3,5,17,7,4,1,0,50.14925373134328,7.164179104477612,8.955223880597014,53.73134328358209
26,31,20,7,5,16,13,10,6,1,0,1,32.647058823529406,42.352941176470594,29.11764705882353,15.882352941176471
37,7,49,2,18,1,2,10,6,6,9,5,48.15789473684211,11.052631578947368,47.36842105263158,13.421052631578947
43,2,21,5,5,13,18,15,4,2,2,8,45.21739130434783,14.782608695652174,35.65217391304348,24.347826086956523
1,22,43,1,6,7,18,19,3,8,3,1,9.090909090909092,33.63636363636363,58.18181818181819,19.09090909090909
37,16,34,33,15,6,8,12,3,5,5,4,37.078651685393254,18.20224719101124,31.685393258426963,33.03370786516854
22,29,7,21,0,7,3,2,0,2,4,5,25.88235294117647,44.705882352941174,16.47058823529412,32.94117647058824
43,35,4,12,2,12,7,6,0,8,2,9,38.57142857142858,47.14285714285714,11.142857142857142,23.142857142857142
28,30,46,15,0,15,5,6,2,1,7,2,22.929936305732486,35.159235668789805,44.331210191082796,17.579617834394902
41,29,15,11,11,8,10,9,5,1,6,3,45.90604026845638,30.604026845637588,24.966442953020135,18.523489932885905
16,15,11,7,0,17,3,4,8,9,8,6,27.692307692307693,47.30769230769231,25.384615384615383,19.615384615384617
19,2,15,29,8,16,2,15,7,2,4,1,34.0,20.0,21.0,45.0
44,22,27,39,4,15,2,19,9,6,7,8,33.86138613861386,25.544554455445542,21.386138613861384,39.20792079207921
4,19,39,43,14,2,19,13,6,9,9,7,15.652173913043478,19.565217391304348,43.69565217391305,41.08695652173913
0,29,20,19,15,16,19,17,8,5,9,1,17.468354430379748,37.9746835443038,36.45569620253165,28.10126582278481
5,21,17,7,17,13,17,14,1,3,8,6,21.395348837209305,34.418604651162795,39.06976744186047,25.116279069767444
38,31,32,15,14,5,14,17,1,7,6,8,33.829787234042556,27.4468085106383,33.19148936170213,25.53191489361702
11,37,33,13,3,7,14,2,7,2,0,1,19.384615384615387,42.46153846153847,43.38461538461539,14.76923076923077
35,32,22,49,14,12,8,1,1,3,5,3,32.432432432432435,30.486486486486488,22.702702702702705,34.37837837837838
44,1,40,20,7,19,16,12,8,3,5,5,39.333333333333336,15.333333333333332,40.66666666666667,24.666666666666664
1,26,8,0,0,1,14,11,9,9,0,7,13.953488372093023,50.23255813953489,30.697674418604652,25.116279069767444
10,2,22,25,13,1,17,6,2,5,2,1,28.30188679245283,9.056603773584905,46.41509433962264,36.22641509433962
3,17,5,34,5,13,7,1,4,0,8,6,13.980582524271846,34.95145631067961,23.300970873786408,47.76699029126213
21,42,14,21,16,4,13,19,2,3,5,2,28.888888888888886,36.2962962962963,23.703703703703702,31.11111111111111
36,41,11,46,2,4,15,17,6,5,8,4,27.076923076923077,30.769230769230766,20.923076923076923,41.23076923076923
48,41,37,17,16,10,16,15,3,2,9,0,37.570093457943926,29.7196261682243,34.76635514018691,17.94392523364486
44,34,29,23,1,3,6,1,2,2,6,6,35.92356687898089,29.808917197452228,31.337579617834393,22.929936305732486
41,29,13,5,5,16,6,4,0,2,7,8,40.58823529411765,41.470588235294116,22.941176470588232,15.0
2,15,6,13,4,19,15,18,6,6,7,5,12.413793103448276,41.37931034482759,28.965517241379313,37.241379310344826
8,14,20,34,8,4,7,8,2,0,6,0,19.45945945945946,19.45945945945946,35.67567567567568,45.40540540540541
1,26,1,34,4,9,1,8,0,8,9,6,5.607476635514018,48.22429906542056,12.336448598130842,53.83177570093458
17,13,19,17,10,3,1,5,3,5,0,6,36.36363636363637,25.454545454545457,24.242424242424242,33.93939393939394
9,24,1,24,13,0,17,6,5,3,6,2,29.454545454545453,29.454545454545453,26.18181818181818,34.90909090909091
32,35,30,13,0,0,0,3,0,3,2,0,32.54237288135593,38.644067796610166,32.54237288135593,16.271186440677965
0,45,15,45,3,17,10,0,1,4,7,0,3.2653061224489797,53.87755102040816,26.122448979591837,36.734693877551024
2,34,40,5,9,8,3,5,3,3,4,6,13.77049180327869,44.26229508196722,46.22950819672131,15.737704918032788
24,12,33,7,15,1,17,9,7,5,0,6,40.58823529411765,15.882352941176471,44.117647058823536,19.411764705882355
20,33,3,24,16,12,17,12,2,5,7,6,29.044585987261147,38.216560509554135,20.636942675159233,32.101910828025474
14,3,44,11,16,4,10,6,9,5,8,8,33.91304347826087,10.434782608695652,53.91304347826087,21.73913043478261
31,31,27,12,9,16,14,17,0,0,0,7,29.268292682926827,34.390243902439025,30.0,26.341463414634145
30,13,19,17,18,1,3,2,9,6,2,1,56.52892561983471,19.834710743801654,23.801652892561982,19.834710743801654
28,5,31,28,6,17,9,6,3,2,6,9,29.6,19.2,36.8,34.4
42,1,22,18,7,5,0,3,7,5,2,5,57.43589743589744,11.282051282051281,24.615384615384613,26.666666666666664
30,4,18,33,13,16,19,17,1,6,9,6,30.697674418604652,18.13953488372093,32.093023255813954,39.06976744186047
9,24,1,10,10,13,8,14,3,7,3,6,24.444444444444443,48.888888888888886,13.333333333333332,33.333333333333336
49,30,14,8,11,9,18,18,3,4,6,9,42.234636871508386,28.8268156424581,25.47486033519553,23.463687150837988
22,18,8,34,5,19,5,7,2,9,4,2,25.77777777777778,40.888888888888886,15.111111111111109,38.22222222222222
20,8,27,45,0,16,16,14,4,2,9,6,17.24550898203593,18.682634730538922,37.365269461077844,46.706586826347305
6,15,15,32,6,18,2,10,0,8,8,4,11.612903225806452,39.677419354838705,24.193548387096772,44.516129032258064
3,3,38,39,19,18,8,9,8,9,5,4,22.085889570552148,22.085889570552148,37.54601226993865,38.282208588957054
16,36,38,28,1,0,15,17,2,7,3,9,13.255813953488373,30.0,39.06976744186047,37.674418604651166
35,37,38,49,16,5,13,14,2,5,7,8,27.77292576419214,24.62882096069869,30.39301310043668,37.20524017467249
36,34,6,26,13,2,18,11,5,4,1,1,41.273885350318466,30.573248407643312,19.108280254777068,29.044585987261147
27,21,13,6,1,2,17,0,8,1,1,2,43.63636363636364,29.090909090909093,37.57575757575758,9.696969696969697
36,21,4,1,19,5,4,0,2,3,6,8,62.752293577981646,31.926605504587158,15.412844036697248,9.908256880733946
26,20,37,14,18,0,15,11,1,3,8,1,35.064935064935064,17.92207792207792,46.753246753246756,20.25974025974026
20,9,22,38,7,15,0,3,9,0,9,7,31.07913669064748,20.719424460431657,26.762589928057555,41.438848920863315
4,0,12,20,9,10,16,6,8,6,7,3,24.950495049504948,19.00990099009901,41.58415841584158,34.45544554455445
25,49,44,20,11,6,11,14,3,1,7,1,24.375,35.0,38.75,21.875
17,36,44,31,1,13,12,3,8,3,0,3,18.24561403508772,36.49122807017544,39.29824561403508,25.964912280701753
35,16,34,48,13,13,15,6,2,5,6,7,30.0,20.400000000000002,33.0,36.6
10,20,25,3,18,1,9,17,1,5,5,9,28.29268292682927,25.365853658536587,38.048780487804876,28.29268292682927
33,47,17,39,16,4,11,5,4,9,9,6,31.8,36.0,22.2,30.0
34,40,28,28,8,19,0,14,2,3,9,8,27.357512953367877,38.549222797927456,23.00518134715026,31.0880829015544
37,41,20,41,5,18,17,5,3,2,1,4,27.835051546391753,37.7319587628866,23.505154639175256,30.92783505154639
12,48,40,16,12,0,12,6,3,7,6,5,19.40119760479042,39.52095808383233,41.67664670658683,19.40119760479042
8,40,0,1,14,11,0,14,1,2,9,8,25.555555555555557,58.88888888888889,10.0,25.555555555555557
47,28,32,9,3,12,4,1,8,4,2,1,46.092715231788084,34.966887417218544,30.198675496688743,8.741721854304636
49,39,20,27,0,15,5,15,7,5,9,6,34.111675126903556,35.93908629441624,20.710659898477157,29.238578680203048
10,33,7,21,13,2,14,2,0,0,9,1,24.642857142857142,37.5,32.14285714285714,25.71428571428571
7,48,14,16,1,0,8,8,9,2,0,4,17.435897435897438,51.28205128205128,22.564102564102562,28.71794871794872
22,23,44,18,6,2,17,10,2,0,7,5,23.076923076923077,19.230769230769234,52.30769230769231,25.384615384615383
4,31,43,0,6,8,0,13,8,2,8,8,16.48854961832061,37.55725190839695,46.717557251908396,19.236641221374043
22,36,7,12,19,5,6,9,0,2,5,7,37.84615384615385,39.69230769230769,16.615384615384617,25.846153846153847
7,22,42,0,6,1,3,16,3,4,8,5,16.410256410256412,27.692307692307693,54.35897435897436,21.53846153846154
44,23,34,23,0,9,18,14,6,6,3,3,32.786885245901644,24.91803278688525,36.0655737704918,26.229508196721312
16,4,19,20,9,18,11,15,3,4,4,7,25.846153846153847,24.0,31.384615384615387,38.769230769230774
39,30,45,35,8,14,16,13,8,1,6,0,30.697674418604652,25.116279069767444,37.395348837209305,26.790697674418603
10,14,18,6,17,1,3,17,0,3,9,6,31.153846153846157,20.76923076923077,34.61538461538461,33.46153846153846
27,42,4,4,6,12,14,0,1,1,0,9,34.0,55.0,18.0,13.0
29,31,7,9,10,9,4,15,1,6,8,5,35.82089552238806,41.19402985074627,17.01492537313433,25.970149253731343
37,46,31,47,10,5,8,12,9,1,9,9,30.0,27.857142857142858,25.71428571428571,36.42857142857142
27,16,30,7,7,13,0,16,8,6,0,8,36.52173913043478,30.434782608695656,26.08695652173913,26.956521739130434
39,24,8,1,4,1,8,3,1,3,8,3,51.262135922330096,32.62135922330097,27.96116504854369,8.155339805825243
14,49,2,48,16,16,17,15,2,0,6,5,20.210526315789473,41.05263157894737,15.789473684210526,42.94736842105263
35,3,13,40,7,10,17,9,9,3,5,5,39.23076923076923,12.307692307692307,26.923076923076923,41.53846153846154
40,24,49,9,12,16,17,9,3,5,9,7,33.0,27.0,45.0,15.0
20,35,11,26,15,19,4,12,2,3,9,0,28.46153846153846,43.84615384615385,18.461538461538463,29.23076923076923
39,1,12,31,17,16,8,13,3,9,9,8,42.65060240963855,18.795180722891565,20.96385542168675,37.59036144578313
30,15,31,31,16,3,17,19,7,3,6,9,34.01069518716578,13.475935828877006,34.652406417112296,37.86096256684492
33,10,9,14,14,10,11,8,2,8,9,3,44.88549618320611,25.64885496183206,26.56488549618321,22.900763358778626
16,39,17,8,12,14,14,4,1,9,4,1,25.035971223021583,53.52517985611511,30.215827338129493,11.223021582733812
24,39,13,24,18,19,13,16,9,5,9,0,32.38095238095238,40.0,22.22222222222222,25.396825396825395
49,21,29,19,17,2,1,0,5,3,2,1,57.18120805369127,20.93959731543624,25.77181208053691,16.107382550335572
20,43,31,45,9,18,16,11,6,8,2,5,19.626168224299064,38.691588785046726,27.476635514018692,34.205607476635514
48,20,34,31,0,11,16,2,8,1,6,4,37.12707182320442,21.215469613259668,37.12707182320442,24.530386740331494
29,38,48,11,10,16,2,7,4,6,8,3,28.35164835164835,39.56043956043956,38.24175824175824,13.846153846153847
40,46,17,20,19,3,6,13,8,9,8,3,41.875,36.25,19.375,22.5
12,20,7,45,13,3,15,0,2,1,8,1,25.511811023622048,22.677165354330707,28.346456692913385,43.46456692913386
39,45,6,22,16,9,15,15,5,4,4,3,39.34426229508196,38.032786885245905,16.393442622950822,26.229508196721312
43,31,10,21,7,6,5,15,5,4,3,8,41.77215189873418,31.139240506329113,13.670886075949367,33.41772151898734
21,42,24,21,19,15,6,8,5,9,9,9,28.72340425531915,42.12765957446808,24.893617021276594,24.25531914893617
27,28,12,17,13,10,13,6,2,9,5,0,35.49295774647887,39.71830985915493,25.352112676056336,19.43661971830986
1,28,20,14,0,12,19,2,4,9,5,7,4.958677685950414,48.595041322314046,43.63636363636364,22.8099173553719
26,49,30,14,19,3,10,1,8,2,1,3,38.31325301204819,39.036144578313255,29.63855421686747,13.012048192771084
22,23,43,12,13,11,16,11,7,7,2,3,29.647058823529413,28.941176470588236,43.05882352941177,18.35294117647059
21,42,36,32,11,0,12,13,2,9,1,3,22.417582417582416,33.62637362637363,32.30769230769231,31.64835164835165
2,18,22,28,1,11,15,3,5,4,2,1,8.571428571428571,35.35714285714286,41.785714285714285,34.285714285714285
29,38,43,46,7,1,9,8,8,0,8,0,26.80203045685279,23.756345177664976,36.54822335025381,32.89340101522843
24,36,46,7,14,12,16,15,6,5,6,2,27.936507936507937,33.65079365079365,43.17460317460317,15.238095238095237
41,15,7,0,1,19,19,13,2,0,3,1,43.63636363636364,33.71900826446281,28.7603305785124,13.884297520661157
43,4,2,0,2,11,7,1,9,7,2,6,68.93617021276596,28.085106382978722,14.042553191489361,8.936170212765957
3,39,34,31,3,13,15,18,6,8,5,0,8.22857142857143,41.142857142857146,37.028571428571425,33.6
41,33,42,24,1,11,13,5,7,0,2,4,32.13114754098361,28.852459016393443,37.37704918032787,21.639344262295083
9,20,45,38,12,3,17,11,7,8,6,8,18.26086956521739,20.217391304347824,44.347826086956516,37.17391304347826
26,26,1,40,19,18,7,6,2,4,9,7,34.18181818181818,34.90909090909091,12.363636363636363,38.54545454545455
47,12,8,35,15,18,5,19,0,7,6,0,43.25581395348837,25.813953488372093,13.255813953488373,37.674418604651166
21,41,25,11,10,4,15,6,9,9,5,0,30.769230769230766,41.53846153846154,34.61538461538461,13.076923076923077
16,13,13,33,4,10,14,2,1,4,1,9,21.0,27.0,28.0,44.0
19,10,15,30,4,4,8,14,0,5,7,7,22.4390243902439,18.53658536585366,29.268292682926827,49.756097560975604
5,18,36,3,2,5,16,7,7,5,2,0,15.849056603773585,31.69811320754717,61.132075471698116,11.320754716981133
46,3,19,9,10,5,7,9,1,4,9,4,54.285714285714285,11.428571428571427,33.333333333333336,20.952380952380953
23,34,25,36,2,13,13,9,9,0,0,8,23.72093023255814,32.7906976744186,26.511627906976745,36.97674418604651
37,20,39,38,11,5,11,13,1,6,9,3,30.466321243523318,19.274611398963728,36.68393782383419,33.575129533678755
20,9,37,45,1,8,9,16,6,7,4,0,20.0,17.77777777777778,37.03703703703704,45.18518518518518
3,44,19,16,16,2,18,0,3,9,2,9,18.72340425531915,46.808510638297875,33.19148936170213,21.27659574468085
6,3,28,13,11,6,3,9,4,9,9,5,23.77358490566038,20.377358490566035,45.28301886792453,30.566037735849058
2,23,36,15,12,1,9,3,1,6,2,0,16.363636363636363,32.72727272727273,51.272727272727266,19.636363636363637
3,23,33,29,17,4,18,1,9,2,8,9,22.307692307692307,22.307692307692307,45.38461538461539,30.0
17,18,30,18,11,16,9,1,5,5,3,7,28.285714285714285,33.42857142857143,36.0,22.285714285714285
48,45,18,21,5,7,18,10,4,6,8,4,35.25773195876289,35.876288659793815,27.216494845360824,21.649484536082475
23,44,11,29,11,8,1,7,4,3,5,1,31.02040816326531,44.89795918367347,13.877551020408164,30.20408163265306
37,30,35,18,10,3,9,19,2,0,1,1,35.63636363636364,24.0,32.72727272727273,27.636363636363637
47,44,35,29,15,7,3,9,7,7,1,5,39.61722488038278,33.301435406698566,22.392344497607656,24.688995215311003
48,32,17,48,11,13,15,17,4,2,4,4,35.16279069767442,26.232558139534884,20.093023255813954,38.51162790697674
27,46,10,44,11,17,6,19,4,2,2,3,26.387434554973822,40.83769633507854,11.30890052356021,41.46596858638743
32,16,5,3,6,8,0,5,6,1,9,3,56.170212765957444,31.914893617021278,17.872340425531913,14.042553191489361
19,47,46,26,5,11,11,9,3,0,9,7,16.787564766839377,36.06217616580311,41.03626943005181,26.1139896373057
14,5,46,13,5,16,18,17,0,7,6,8,14.709677419354838,21.677419354838708,54.193548387096776,29.419354838709676
10,38,8,25,5,18,9,7,7,4,7,9,17.959183673469386,48.9795918367347,19.591836734693874,33.46938775510204
15,4,9,49,5,6,0,17,2,9,6,3,21.119999999999997,18.24,14.399999999999999,66.24000000000001
2,12,42,48,19,11,15,9,4,8,6,3,16.75977653631285,20.782122905027933,42.234636871508386,40.22346368715083
29,44,5,16,9,13,19,9,5,9,6,9,29.826589595375722,45.78034682080924,20.809248554913296,23.583815028901736
44,18,41,34,9,10,1,19,8,3,9,2,36.96969696969697,18.78787878787879,30.909090909090907,33.333333333333336
45,25,4,28,7,6,7,0,7,0,8,0,51.67883211678832,27.153284671532848,16.642335766423358,24.525547445255473
36,19,48,20,1,17,14,0,1,7,8,6,25.76271186440678,29.152542372881356,47.45762711864407,17.627118644067796
9,4,35,5,4,1,19,2,2,6,5,1,19.35483870967742,14.193548387096776,76.12903225806451,10.322580645161292
25,3,38,38,18,17,17,13,2,9,9,4,27.979274611398964,18.031088082901555,39.79274611398964,34.196891191709845
49,34,0,23,7,11,9,19,9,3,1,3,46.42857142857143,34.285714285714285,7.142857142857142,32.14285714285714
35,5,40,45,16,10,1,3,7,4,4,9,38.88268156424581,12.737430167597765,30.16759776536313,38.212290502793294
43,30,19,23,0,14,12,7,2,7,5,1,33.128834355828225,37.54601226993865,26.503067484662576,22.822085889570552
24,35,20,29,3,9,18,17,1,8,6,9,18.77094972067039,34.86033519553073,29.497206703910614,36.87150837988827
23,43,41,29,4,18,15,0,8,5,4,0,22.105263157894736,41.684210526315795,37.89473684210526,18.315789473684212
21,27,6,34,11,1,7,17,5,5,2,2,32.173913043478265,28.695652173913043,13.043478260869565,46.086956521739125
27,13,9,15,15,4,12,18,2,2,6,9,40.0,17.272727272727273,24.545454545454547,38.18181818181818
15,30,41,24,2,7,11,1,1,9,9,1,14.304635761589404,36.556291390728475,48.47682119205298,20.662251655629138
12,5,43,8,10,11,17,12,2,9,6,2,21.02189781021898,21.8978102189781,57.81021897810219,19.27007299270073
44,35,42,19,4,11,1,4,6,8,9,3,34.83870967741936,34.83870967741936,33.54838709677419,16.774193548387096
17,42,20,3,6,11,15,7,6,8,7,7,23.355704697986578,49.12751677852349,33.8255033557047,13.691275167785236
49,32,26,6,8,14,4,12,8,4,4,2,46.15384615384615,35.50295857988166,24.142011834319526,14.201183431952662
5,14,17,31,4,10,9,19,4,7,4,3,12.283464566929133,29.291338582677167,28.346456692913385,50.07874015748031
10,19,23,14,12,8,13,17,7,6,5,4,25.217391304347824,28.695652173913043,35.65217391304348,30.434782608695656
47,6,20,41,14,9,6,7,4,9,1,3,46.706586826347305,17.24550898203593,19.40119760479042,36.64670658682635
25,43,13,36,2,14,15,3,7,7,0,1,24.57831325301205,46.265060240963855,20.240963855421686,28.91566265060241
20,17,4,2,5,0,3,10,4,8,9,6,39.54545454545455,34.09090909090909,21.81818181818182,24.545454545454547
22,25,36,23,11,4,15,12,9,4,0,5,30.361445783132528,23.85542168674699,36.86746987951807,28.91566265060241
48,18,24,20,12,16,6,7,7,6,1,4,47.57396449704142,28.402366863905325,22.011834319526628,22.011834319526628
11,40,32,49,12,15,3,7,3,8,9,0,16.507936507936506,40.0,27.936507936507937,35.55555555555556
3,41,6,21,15,9,11,11,5,2,8,4,20.294117647058826,45.882352941176464,22.058823529411768,31.764705882352942
32,16,23,33,4,15,0,8,5,8,8,7,30.943396226415093,29.433962264150942,23.39622641509434,36.22641509433962
27,42,40,38,11,4,19,2,8,3,5,4,27.192118226600986,28.965517241379313,37.83251231527094,26.00985221674877
21,48,16,33,4,1,13,1,4,3,1,5,23.2,41.6,24.0,31.200000000000003
5,45,5,33,12,6,9,12,8,0,6,5,20.54794520547945,41.917808219178085,16.43835616438356,41.0958904109589
0,9,20,4,15,13,10,9,2,0,3,8,21.935483870967744,28.38709677419355,42.58064516129033,27.096774193548388
1,21,47,1,5,3,0,6,1,2,1,1,9.438202247191011,35.056179775280896,64.71910112359551,10.786516853932584
9,33,15,47,8,7,4,18,9,7,2,6,18.909090909090907,34.18181818181818,15.272727272727272,51.63636363636363
38,21,11,23,9,10,14,5,7,2,1,7,43.78378378378378,26.756756756756758,21.08108108108108,28.37837837837838
46,39,37,9,14,4,18,18,2,6,0,5,37.57575757575758,29.6969696969697,33.333333333333336,19.393939393939394
34,48,31,6,9,11,3,17,8,2,6,5,34.0,40.66666666666667,26.666666666666664,18.666666666666668
20,19,25,3,15,7,3,11,7,2,2,3,43.07692307692308,28.71794871794872,30.769230769230766,17.435897435897438
45,21,14,39,1,3,4,2,2,8,3,5,39.18367346938775,26.122448979591837,17.142857142857142,37.55102040816327
20,14,21,27,8,17,10,2,7,7,4,4,29.78723404255319,32.340425531914896,29.78723404255319,28.085106382978722
13,26,40,39,1,8,13,3,5,9,6,9,13.255813953488373,30.0,41.16279069767442,35.58139534883721
27,25,48,1,8,12,17,14,6,3,5,6,28.6046511627907,27.906976744186046,48.83720930232558,14.651162790697674
24,2,7,43,9,15,11,19,4,4,1,6,30.620689655172416,17.379310344827587,15.724137931034484,56.275862068965516
32,41,34,5,4,1,9,0,5,0,3,2,36.17647058823529,37.05882352941177,40.58823529411765,6.1764705882352935
38,22,24,49,6,16,15,2,2,6,9,3,28.75,27.5,30.0,33.75
42,18,4,10,13,9,6,16,7,8,2,4,53.52517985611511,30.215827338129493,10.359712230215829,25.899280575539567
11,9,7,23,5,3,16,8,3,9,5,9,21.11111111111111,23.333333333333332,31.11111111111111,44.44444444444444
27,40,35,36,3,6,1,16,3,7,2,4,22.0,35.333333333333336,25.333333333333332,37.333333333333336
20,7,8,46,7,14,14,7,0,5,4,7,23.309352517985612,22.446043165467625,22.446043165467625,51.798561151079134
14,47,45,39,15,18,10,1,8,7,7,2,20.845070422535212,40.563380281690144,34.92957746478873,23.661971830985912
17,41,19,5,16,15,14,12,3,3,4,8,27.515923566878982,45.09554140127389,28.280254777070063,19.108280254777068
11,1,6,15,14,3,15,11,8,9,0,7,39.6,15.600000000000001,25.2,39.6
2,44,2,26,3,2,16,17,0,1,6,7,4.761904761904762,44.76190476190476,22.857142857142854,47.61904761904761
49,42,39,37,17,16,11,3,0,2,6,8,34.434782608695656,31.304347826086957,29.217391304347828,25.043478260869563
32,27,0,7,11,19,14,15,7,7,8,9,38.46153846153847,40.769230769230774,16.923076923076923,23.846153846153843
36,31,47,42,4,14,16,17,2,7,0,7,22.600896860986545,27.98206278026906,33.90134529147982,35.51569506726457
36,3,29,5,4,12,18,12,6,7,0,5,40.29197080291971,19.27007299270073,41.167883211678834,19.27007299270073
45,18,31,8,17,13,3,3,6,4,4,6,51.64556962025317,26.582278481012658,28.860759493670887,12.911392405063292
11,10,45,15,19,19,18,12,2,5,6,0,23.703703703703702,25.185185185185183,51.111111111111114,20.0
0,44,20,29,11,6,11,3,1,3,7,9,10.0,44.16666666666667,31.666666666666668,34.166666666666664
12,33,3,27,1,1,4,9,5,0,9,4,20.0,37.77777777777778,17.77777777777778,44.44444444444444
37,30,26,4,9,8,12,6,6,5,8,7,39.49367088607595,32.65822784810127,34.936708860759495,12.911392405063292
24,2,32,3,4,9,9,5,3,4,6,7,34.44444444444444,16.666666666666668,52.22222222222222,16.666666666666668
24,19,33,25,18,7,0,16,4,8,9,3,33.25301204819277,24.57831325301205,30.361445783132528,31.80722891566265
4,34,27,28,6,13,16,8,3,7,0,7,10.19607843137255,42.352941176470594,33.72549019607843,33.72549019607843
8,37,49,5,16,4,19,7,4,0,3,1,21.96078431372549,32.15686274509804,55.68627450980392,10.19607843137255
18,43,10,1,5,10,18,3,3,7,4,0,25.573770491803277,59.01639344262295,31.475409836065577,3.934426229508197
46,43,43,8,17,0,12,13,6,0,8,2,41.81818181818182,26.060606060606062,38.18181818181818,13.93939393939394
20,23,33,21,0,10,16,3,2,5,9,5,17.959183673469386,31.02040816326531,47.3469387755102,23.6734693877551
2,11,27,29,11,9,5,0,5,0,4,5,20.0,22.22222222222222,40.0,37.77777777777778
25,47,20,27,6,15,13,19,7,0,4,2,24.64864864864865,40.21621621621622,24.0,31.135135135135137
25,32,20,34,19,5,4,17,1,7,6,9,30.16759776536313,29.497206703910614,20.111731843575416,40.22346368715083
33,40,46,17,14,5,18,0,6,4,8,4,32.61538461538461,30.153846153846153,44.30769230769231,12.923076923076923
10,22,47,21,0,12,2,9,1,2,3,4,9.924812030075188,32.48120300751879,46.9172932330827,30.676691729323306
16,4,43,10,2,8,7,2,2,6,4,4,22.22222222222222,20.0,60.0,17.77777777777778
29,14,26,34,12,5,12,19,5,6,9,9,30.666666666666664,16.666666666666668,31.333333333333336,41.333333333333336
32,19,15,33,19,11,12,1,7,8,3,4,42.4390243902439,27.804878048780488,21.95121951219512,27.804878048780488
1,34,39,27,15,5,18,12,4,7,8,6,13.636363636363637,31.363636363636363,44.31818181818182,30.68181818181818
46,38,5,8,16,8,16,1,4,2,0,8,52.10526315789474,37.89473684210526,16.578947368421055,13.421052631578947
19,0,7,22,18,18,6,9,4,8,9,3,40.0,25.365853658536587,21.463414634146343,33.170731707317074
2,3,24,46,9,19,8,16,4,3,1,0,13.333333333333332,22.22222222222222,29.333333333333332,55.111111111111114
37,14,20,34,14,1,3,18,7,3,4,5,43.5,13.5,20.25,42.75
45,13,35,11,16,4,6,17,7,7,6,3,48.0,16.941176470588236,33.1764705882353,21.88235294117647
16,38,8,34,6,16,6,3,5,3,6,0,22.97872340425532,48.51063829787234,17.02127659574468,31.48936170212766
12,14,17,32,7,12,3,5,4,9,9,3,21.73228346456693,33.07086614173228,27.401574803149607,37.79527559055118
5,26,22,26,4,11,3,8,6,8,4,3,14.285714285714285,42.85714285714286,27.619047619047617,35.23809523809524
33,45,37,13,3,18,13,4,8,4,8,7,27.357512953367877,41.6580310880829,36.06217616580311,14.922279792746114
35,7,34,18,17,9,18,11,3,6,4,9,38.59649122807017,15.438596491228068,39.29824561403508,26.666666666666664
29,13,19,48,17,16,10,2,3,4,4,8,33.98843930635839,22.89017341040462,22.89017341040462,40.23121387283237
24,39,23,13,16,0,14,8,8,5,3,1,37.4025974025974,34.285714285714285,31.168831168831165,17.142857142857142
25,37,22,21,14,2,18,12,2,1,4,5,30.1840490797546,29.447852760736197,32.392638036809814,27.975460122699385
47,18,45,2,11,19,0,16,4,1,4,8,42.51428571428571,26.057142857142857,33.6,17.82857142857143
41,18,8,27,12,0,9,14,3,9,1,2,46.666666666666664,22.5,15.0,35.833333333333336
19,44,6,13,6,17,15,13,2,8,3,0,22.191780821917806,56.71232876712329,19.726027397260275,21.36986301369863
8,18,46,13,17,6,16,17,0,6,6,1,19.48051948051948,23.376623376623378,52.98701298701298,24.155844155844157
37,35,39,16,11,7,1,6,8,8,4,2,38.62068965517241,34.48275862068965,30.3448275862069,16.551724137931036
29,8,32,24,3,17,5,8,2,2,5,3,29.565217391304348,23.47826086956522,36.52173913043478,30.434782608695656
13,10,34,40,8,13,7,18,7,4,0,8,20.74074074074074,20.0,30.370370370370374,48.888888888888886
13,29,40,3,2,17,4,13,0,5,0,2,14.0625,47.8125,41.25,16.875
3,27,7,1,3,6,19,11,9,4,9,6,17.142857142857142,42.28571428571429,40.0,20.571428571428573
40,45,21,40,1,10,13,15,9,7,8,5,28.037383177570092,34.76635514018691,23.551401869158877,33.64485981308411
15,28,48,47,19,5,3,14,8,7,8,9,23.886255924170616,22.748815165876774,33.55450236966825,39.81042654028436
29,11,34,10,0,6,11,9,3,8,6,4,29.31297709923664,22.900763358778626,46.717557251908396,21.068702290076335
45,49,20,20,4,11,17,9,4,0,1,9,33.65079365079365,38.095238095238095,24.126984126984127,24.126984126984127
4,47,19,36,5,11,6,17,2,7,5,9,7.857142857142858,46.42857142857143,21.42857142857143,44.28571428571429
2,43,32,8,1,9,14,11,4,0,8,2,6.26865671641791,46.56716417910448,48.35820895522388,18.80597014925373
8,3,34,16,16,3,6,8,2,1,3,1,30.89108910891089,8.316831683168317,51.089108910891085,29.7029702970297
33,23,31,0,18,6,1,5,8,9,6,7,48.16326530612245,31.02040816326531,31.02040816326531,9.795918367346937
7,44,22,46,17,5,12,18,2,5,9,5,16.25,33.75,26.875,43.125
39,11,11,45,1,11,14,13,0,5,2,2,31.168831168831165,21.03896103896104,21.03896103896104,46.753246753246756
46,14,40,18,5,17,4,17,2,9,9,7,33.829787234042556,25.53191489361702,33.829787234042556,26.80851063829787
25,28,21,39,2,2,9,18,4,3,8,8,22.275449101796408,23.7125748502994,27.305389221556887,46.706586826347305
20,37,19,28,2,11,15,16,0,1,7,4,16.5,36.75,30.749999999999996,36.0
3,6,27,27,6,12,1,3,6,0,9,4,17.307692307692307,20.76923076923077,42.69230769230769,39.23076923076923
3,21,11,44,9,6,16,19,2,9,1,1,11.830985915492956,30.422535211267604,23.661971830985912,54.08450704225352
2,21,43,1,5,18,4,9,8,3,3,6,14.634146341463413,40.97560975609756,48.78048780487805,15.609756097560977
23,33,26,40,8,12,18,5,9,9,1,2,25.806451612903228,34.83870967741936,29.032258064516128,30.32258064516129
0,7,22,37,3,2,2,3,2,5,2,4,6.741573033707865,18.876404494382022,35.056179775280896,59.32584269662921
5,21,24,17,4,7,15,2,3,2,7,9,12.413793103448276,31.03448275862069,47.58620689655173,28.965517241379313
16,11,5,25,11,7,12,3,2,5,6,6,31.926605504587158,25.321100917431195,25.321100917431195,37.43119266055046
26,7,18,41,13,13,12,5,1,2,9,9,30.769230769230766,16.923076923076923,30.0,42.307692307692314
0,28,44,48,16,3,7,16,3,6,1,2,13.10344827586207,25.517241379310345,35.862068965517246,45.51724137931034
34,39,13,34,2,16,8,1,6,6,9,2,29.647058823529413,43.05882352941177,21.176470588235297,26.11764705882353
47,44,19,48,12,19,1,19,0,2,4,6,32.036199095022624,35.294117647058826,13.031674208144796,39.63800904977376
12,37,48,45,10,14,10,2,3,0,5,1,16.0427807486631,32.72727272727273,40.42780748663102,30.802139037433157
48,7,42,19,2,11,4,19,2,3,5,5,37.365269461077844,15.089820359281436,36.64670658682635,30.89820359281437
32,25,38,20,6,6,12,8,6,4,6,1,32.19512195121951,25.609756097560975,40.97560975609756,21.21951219512195
48,41,42,40,12,11,12,9,0,9,7,0,31.168831168831165,31.68831168831169,31.68831168831169,25.454545454545457
8,23,36,48,0,7,15,12,1,9,5,0,6.585365853658536,28.536585365853657,40.97560975609756,43.90243902439024
40,16,23,20,2,2,4,10,9,2,6,7,43.40425531914894,17.02127659574468,28.085106382978722,31.48936170212766
38,40,38,12,6,9,9,19,3,2,0,8,30.65217391304348,33.26086956521739,30.65217391304348,25.434782608695652
10,45,18,10,1,2,7,10,9,5,5,8,18.461538461538463,48.0,27.692307692307693,25.846153846153847
12,45,44,0,12,6,12,1,0,5,4,5,19.726027397260275,46.02739726027397,49.31506849315068,4.931506849315069
39,43,18,11,5,8,19,1,7,4,1,1,38.98089171974522,42.038216560509554,29.044585987261147,9.936305732484076
7,7,44,11,17,15,11,6,9,4,2,9,27.887323943661972,21.971830985915492,48.16901408450705,21.971830985915492
47,32,44,25,6,16,12,10,2,7,6,0,31.884057971014496,31.884057971014496,35.94202898550725,20.28985507246377
38,27,4,7,5,13,5,5,4,8,3,0,47.39495798319327,48.403361344537814,12.100840336134453,12.100840336134453
24,26,45,22,1,19,14,16,7,4,1,0,21.45251396648045,32.849162011173185,40.22346368715083,25.47486033519553
29,44,46,22,7,4,16,19,2,8,0,3,22.8,33.6,37.2,26.4
48,46,19,17,0,17,14,4,7,7,9,7,33.84615384615385,43.07692307692308,25.846153846153847,17.23076923076923
17,1,3,29,6,17,5,4,9,7,3,7,35.55555555555556,27.77777777777778,12.222222222222221,44.44444444444444
32,35,17,36,18,9,14,9,8,6,1,8,36.06217616580311,31.0880829015544,19.89637305699482,32.953367875647665
18,46,27,39,15,11,17,0,7,4,2,6,25.0,38.125,28.75,28.125
19,48,32,11,15,5,2,1,1,2,8,3,28.57142857142857,44.89795918367347,34.285714285714285,12.244897959183675
14,40,38,1,1,12,8,15,3,2,4,2,15.428571428571427,46.285714285714285,42.85714285714286,15.428571428571427
28,40,9,1,4,6,12,19,8,2,1,4,35.82089552238806,42.98507462686567,19.701492537313435,21.492537313432834
10,12,9,13,12,6,9,14,5,0,5,9,31.153846153846157,20.76923076923077,26.538461538461537,41.53846153846154
17,8,38,27,5,4,1,14,2,3,5,7,21.984732824427482,13.740458015267174,40.30534351145038,43.969465648854964
2,19,5,26,15,18,8,18,8,5,6,4,22.388059701492537,37.61194029850746,17.01492537313433,42.98507462686567
1,28,37,2,6,3,2,19,8,3,9,5,14.634146341463413,33.170731707317074,46.829268292682926,25.365853658536587
15,29,39,1,10,0,5,10,4,0,4,4,28.7603305785124,28.7603305785124,47.603305785123965,14.87603305785124
16,40,11,34,0,6,5,13,8,0,4,6,20.13986013986014,38.6013986013986,16.783216783216783,44.47552447552447
42,0,44,14,1,3,10,14,5,5,6,5,38.65771812080537,6.442953020134228,48.32214765100671,26.577181208053695
25,36,20,48,17,0,2,2,4,9,4,8,31.54285714285714,30.857142857142854,17.82857142857143,39.77142857142857
30,24,22,23,6,0,10,5,7,9,3,3,36.33802816901408,27.887323943661972,29.577464788732396,26.197183098591548
37,27,20,42,19,2,18,1,9,4,2,7,41.48936170212766,21.06382978723404,25.53191489361702,31.914893617021278
17,35,34,44,17,11,9,4,6,4,9,2,25.0,31.250000000000004,32.5,31.250000000000004
8,37,29,43,8,1,1,5,4,2,9,4,15.894039735099339,31.788079470198678,30.99337748344371,41.324503311258276
33,31,2,2,9,17,11,3,0,5,9,3,40.32,50.879999999999995,21.119999999999997,7.68
27,43,14,40,16,14,5,15,3,7,1,3,29.361702127659573,40.851063829787236,12.76595744680851,37.02127659574468
22,39,10,47,16,2,9,4,1,0,9,2,29.06832298136646,30.559006211180122,20.869565217391305,39.50310559006211
31,35,32,23,13,12,5,11,7,5,6,1,33.812154696132595,34.47513812154696,28.50828729281768,23.204419889502763
38,33,27,36,7,4,14,15,5,7,7,3,30.612244897959183,26.93877551020408,29.387755102040817,33.06122448979592
6,3,36,0,0,15,4,2,5,4,8,7,14.666666666666666,29.333333333333332,64.0,12.0
0,46,19,18,19,14,12,15,1,6,6,0,15.384615384615383,50.76923076923077,28.46153846153846,25.384615384615383
28,9,17,27,10,1,5,5,0,3,4,3,40.714285714285715,13.928571428571429,27.857142857142858,37.5
34,42,46,30,13,10,7,7,6,2,6,7,30.285714285714285,30.857142857142854,33.714285714285715,25.142857142857142
26,10,48,48,0,6,5,7,5,5,7,7,21.379310344827587,14.482758620689657,41.37931034482759,42.758620689655174
37,4,7,33,18,19,7,13,6,5,5,9,44.9079754601227,20.61349693251534,13.987730061349692,40.49079754601227
47,11,37,0,17,15,8,14,5,7,0,4,50.18181818181818,24.0,32.72727272727273,13.09090909090909
30,3,48,44,9,15,3,19,2,7,5,1,26.451612903225808,16.129032258064516,36.12903225806452,41.29032258064517
49,4,29,23,12,4,6,8,6,6,4,7,50.88607594936709,10.632911392405063,29.620253164556964,28.860759493670887
2,10,44,3,7,15,5,15,4,0,8,3,13.448275862068966,25.86206896551724,58.96551724137931,21.724137931034484
25,26,45,42,5,13,0,8,1,3,8,1,21.016949152542374,28.474576271186443,35.93220338983051,34.57627118644068
26,41,49,5,12,18,16,10,3,1,4,2,26.310160427807485,38.50267379679144,44.278074866310156,10.90909090909091
14,29,41,36,7,4,9,6,9,1,8,4,21.42857142857143,24.285714285714285,41.42857142857143,32.85714285714286
36,41,36,34,9,3,8,13,9,4,0,5,32.72727272727273,29.090909090909093,26.666666666666664,31.51515151515152
22,5,3,17,1,8,0,9,6,0,8,7,40.46511627906977,18.13953488372093,15.348837209302326,46.04651162790698
8,48,28,12,9,19,2,5,7,6,4,2,19.2,58.400000000000006,27.2,15.200000000000001
46,16,44,31,5,1,17,1,8,6,9,9,36.68393782383419,14.300518134715025,43.523316062176164,25.492227979274613
47,21,3,4,11,4,19,6,7,5,4,7,56.52173913043478,26.08695652173913,22.608695652173914,14.782608695652174
36,40,48,12,15,19,0,0,2,6,1,2,35.13812154696132,43.0939226519337,32.48618784530387,9.281767955801104
33,44,21,22,16,0,19,12,1,4,6,9,32.0855614973262,30.802139037433157,29.518716577540108,27.593582887700535
2,41,33,31,8,14,2,13,9,0,9,8,13.411764705882353,38.82352941176471,31.058823529411768,36.70588235294118
44,48,20,45,10,11,12,12,0,0,9,7,29.724770642201836,32.477064220183486,22.568807339449542,35.22935779816514
43,20,43,10,0,9,2,3,5,5,8,3,38.145695364238414,27.019867549668877,42.11920529801325,12.71523178807947
38,3,0,27,15,7,15,16,7,3,1,7,51.798561151079134,11.223021582733812,13.812949640287771,43.16546762589928
23,34,12,46,18,14,15,14,6,3,8,8,28.05970149253731,30.44776119402985,20.895522388059703,40.59701492537314
33,10,35,16,1,10,0,14,7,0,6,4,36.17647058823529,17.647058823529413,36.17647058823529,30.0
34,17,39,21,18,3,10,4,6,8,1,3,42.4390243902439,20.48780487804878,36.58536585365854,20.48780487804878
23,18,36,38,2,12,9,10,3,1,2,7,20.869565217391305,23.1055900621118,35.03105590062112,40.993788819875775
20,7,27,4,17,1,6,8,8,5,9,1,47.78761061946903,13.805309734513274,44.60176991150443,13.805309734513274
16,36,35,18,9,17,6,6,1,6,7,7,19.024390243902438,43.170731707317074,35.12195121951219,22.682926829268293
26,33,10,44,2,11,6,16,5,9,7,0,23.431952662721894,37.633136094674555,16.331360946745562,42.603550295857985
46,11,20,10,0,4,15,14,8,0,2,8,46.95652173913044,13.043478260869565,32.173913043478265,27.82608695652174
38,27,4,16,1,8,6,3,4,8,8,5,40.3125,40.3125,16.875,22.5
19,40,45,11,19,17,3,12,0,9,6,5,24.516129032258068,42.58064516129033,34.83870967741936,18.06451612903226
5,16,18,25,0,2,15,3,8,6,3,6,14.57943925233645,26.91588785046729,40.373831775700936,38.13084112149532
47,43,43,31,15,18,0,4,1,5,5,1,35.49295774647887,37.183098591549296,27.04225352112676,20.281690140845072
5,35,37,10,18,10,12,19,3,7,7,7,18.35294117647059,36.70588235294118,39.529411764705884,25.41176470588235
32,23,22,14,4,3,3,3,7,0,1,3,44.869565217391305,27.130434782608695,27.130434782608695,20.869565217391305
26,10,49,16,3,19,17,17,8,2,5,6,24.9438202247191,20.898876404494384,47.865168539325836,26.292134831460675
13,26,17,27,15,8,17,1,7,6,2,5,29.166666666666668,33.333333333333336,30.0,27.5
46,46,3,6,3,11,6,14,4,9,3,0,42.11920529801325,52.450331125827816,9.536423841059603,15.894039735099339
44,34,47,8,6,16,15,18,6,7,1,6,32.30769230769231,32.88461538461539,36.34615384615385,18.461538461538463
7,44,16,16,8,13,16,4,5,4,3,1,17.51824817518248,53.43065693430657,30.656934306569347,18.394160583941606
48,32,31,7,1,19,15,13,9,5,4,1,37.62162162162162,36.32432432432432,32.432432432432435,13.621621621621623
18,37,2,4,13,0,2,6,9,6,5,8,43.63636363636364,46.909090909090914,9.818181818181818,19.636363636363637
12,46,45,30,14,18,19,1,9,4,8,8,19.626168224299064,38.13084112149532,40.373831775700936,21.86915887850467
15,49,31,21,18,8,18,4,0,4,8,6,21.75824175824176,40.21978021978022,37.582417582417584,20.43956043956044
28,21,42,2,17,15,3,11,5,5,6,0,38.70967741935484,31.741935483870968,39.483870967741936,10.064516129032258
9,41,20,15,6,13,11,2,3,0,5,3,16.875,50.625,33.75,18.75
11,1,40,23,4,16,9,9,0,8,3,5,13.953488372093023,23.255813953488374,48.372093023255815,34.418604651162795
34,29,29,46,10,16,4,12,6,7,8,8,28.708133971291865,29.85645933014354,23.54066985645933,37.89473684210526
34,18,49,7,9,8,16,0,7,9,2,1,37.5,26.25,50.25,6.0
25,48,39,6,3,3,17,8,4,0,2,0,24.774193548387096,39.483870967741936,44.903225806451616,10.838709677419354
29,6,2,0,17,13,14,5,2,3,6,4,57.02970297029702,26.138613861386137,26.138613861386137,10.693069306930692
35,24,36,0,9,14,3,17,4,0,7,3,37.89473684210526,30.0,36.31578947368421,15.789473684210526
14,36,12,39,17,16,11,6,9,4,1,0,29.090909090909093,40.72727272727273,17.454545454545453,32.72727272727273
7,4,8,0,15,10,13,2,8,1,5,0,49.31506849315068,24.65753424657534,42.73972602739726,3.287671232876712
35,34,1,39,18,17,9,5,0,8,3,8,35.93220338983051,40.0,8.813559322033898,35.25423728813559
22,8,33,45,12,9,17,19,4,6,0,5,25.333333333333332,15.333333333333332,33.333333333333336,46.0
13,3,29,30,15,5,12,3,7,0,8,2,33.07086614173228,7.559055118110236,46.29921259842519,33.07086614173228
37,10,34,7,13,0,19,4,0,0,5,5,44.776119402985074,8.955223880597014,51.940298507462686,14.328358208955224
2,13,12,44,7,11,1,11,0,2,6,9,9.152542372881356,26.440677966101696,19.322033898305083,65.08474576271186
31,33,44,18,4,4,12,8,2,2,2,6,26.746987951807228,28.192771084337352,41.9277108433735,23.132530120481928
37,15,1,39,9,0,2,17,3,3,2,9,42.91970802919708,15.766423357664234,4.37956204379562,56.934306569343065
16,33,41,15,11,2,8,1,8,1,3,7,28.767123287671232,29.58904109589041,42.73972602739726,18.904109589041095
37,1,1,25,2,13,3,18,5,6,6,1,44.74576271186441,20.338983050847457,10.169491525423728,44.74576271186441
12,46,30,33,12,6,11,2,3,9,9,5,18.20224719101124,41.12359550561798,33.70786516853933,26.96629213483146
38,2,7,22,8,1,8,11,2,8,3,9,48.403361344537814,11.092436974789916,18.15126050420168,42.352941176470594
13,26,28,38,11,14,1,17,1,5,0,5,18.867924528301884,33.9622641509434,21.886792452830186,45.28301886792453
38,0,16,40,12,13,4,9,9,0,7,4,46.57894736842105,10.263157894736842,21.31578947368421,41.84210526315789
29,12,20,18,11,9,10,1,5,1,1,8,43.199999999999996,21.119999999999997,29.759999999999998,25.919999999999998
